
DROP TABLE IF EXISTS lang;
CREATE TABLE IF NOT EXISTS lang (
id_lang integer PRIMARY KEY NOT NULL,
name varchar(32) NOT NULL,
active boolean NOT NULL DEFAULT false,
iso_code varchar(2) NOT NULL,
language_code varchar(5) NOT NULL,
locale varchar(5) NOT NULL,
date_format_lite varchar(32) NOT NULL,
date_format_full varchar(32) NOT NULL,
is_rtl boolean NOT NULL
);
INSERT INTO lang (id_lang, name, active, iso_code, language_code, locale, date_format_lite, date_format_full, is_rtl) VALUES
(1, 'English (English)', true, 'en', 'en-us', 'en-US', 'm/d/Y', 'm/d/Y H:i:s', false),
(2, 'Deutsch (German)', true, 'de', 'de-de', 'de-DE', 'd.m.Y', 'd.m.Y H:i:s', false),
(3, 'Русский (Russian)', true, 'ru', 'ru-ru', 'ru-RU', 'Y-m-d', 'Y-m-d H:i:s', false),
(4, 'Español (Spanish)', true, 'es', 'es-es', 'es-ES', 'd/m/Y', 'd/m/Y H:i:s', false),
(5, 'Français (French)', true, 'fr', 'fr-fr', 'fr-FR', 'd/m/Y', 'd/m/Y H:i:s', false);
/*
INSERT INTO lang (id_lang, name, active, iso_code, language_code, locale, date_format_lite, date_format_full, is_rtl) VALUES
(6, 'Українська (Ukrainian)', true, 'uk', 'uk', 'uk-UA', 'Y-m-d', 'Y-m-d H:i:s', false);
 */
CREATE SEQUENCE lang_id_lang_seq;
ALTER TABLE lang ALTER COLUMN id_lang SET DEFAULT nextval('lang_id_lang_seq');
ALTER SEQUENCE lang_id_lang_seq OWNED BY "lang"."id_lang";



DROP TABLE IF EXISTS currency;
CREATE TABLE IF NOT EXISTS currency (
id_currency integer NOT NULL,
name varchar(64) NOT NULL,
iso_code varchar(3) NOT NULL DEFAULT '0',
numeric_iso_code varchar(3) DEFAULT NULL,
precision integer NOT NULL DEFAULT 6,
conversion_rate decimal(13,6) NOT NULL,
deleted boolean NOT NULL DEFAULT false,
active boolean NOT NULL DEFAULT true,
PRIMARY KEY (id_currency)
) ;
INSERT INTO currency (id_currency, name, iso_code, numeric_iso_code, precision, conversion_rate, deleted, active) VALUES
(1, 'Гривна', 'UAH', '980', 2, 1.000000, false, true),
(2, 'Euro', 'EUR', '978', 2, 0.036120, false, true),
(3, 'US Dollar', 'USD', '840', 2, 0.040227, false, true);
CREATE SEQUENCE currency_id_currency_seq;
ALTER TABLE currency ALTER COLUMN id_currency SET DEFAULT nextval('currency_id_currency_seq');
ALTER SEQUENCE currency_id_currency_seq OWNED BY "currency"."id_currency";

DROP TABLE IF EXISTS currency_lang;
CREATE TABLE IF NOT EXISTS currency_lang (
id_currency integer NOT NULL,
id_lang integer NOT NULL,
name varchar(64) NOT NULL,
symbol varchar(64) NOT NULL,
PRIMARY KEY (id_currency,id_lang)
);
INSERT INTO currency_lang (id_currency, id_lang, name, symbol) VALUES
(1, 1, 'Hryvna', '₴'),
(1, 2, 'Hryvna', '₴'),
(1, 3, 'украинская гривна', '₴'),
(1, 4, 'Hryvna', '₴'),
(1, 5, 'Hryvna', '₴'),
(2, 1, 'Euro', '€'),
(2, 2, 'Euro', '€'),
(2, 3, 'Евро', '€'),
(2, 4, 'Euro', '€'),
(2, 5, 'Euro', '€'),
(3, 1, 'US Dollar', '$'),
(3, 2, 'US Dollar', '$'),
(3, 3, 'Доллар США', '$'),
(3, 4, 'US Dollar', '$'),
(3, 5, 'US Dollar', '$');
/*
(1, 6, 'українська гривня', '₴'),
(2, 6, 'Евро', '€'),
(3, 6, 'Доллар США', '$');
 */



DROP TABLE IF EXISTS zone;
CREATE TABLE IF NOT EXISTS zone (
id_zone integer NOT NULL,
name varchar(64) NOT NULL,
active boolean NOT NULL DEFAULT false,
PRIMARY KEY (id_zone)
);
INSERT INTO zone (id_zone, name, active) VALUES
(1, 'Europe', true),
(2, 'North America', true),
(3, 'Asia', true),
(4, 'Africa', true),
(5, 'Oceania', true),
(6, 'South America', true),
(7, 'Europe (non-EU)', true),
(8, 'Central America/Antilla', true);
CREATE SEQUENCE zone_id_zone_seq;
ALTER TABLE zone ALTER COLUMN id_zone SET DEFAULT nextval('zone_id_zone_seq');
ALTER SEQUENCE zone_id_zone_seq OWNED BY "zone"."id_zone";



DROP TABLE IF EXISTS location;
CREATE TABLE IF NOT EXISTS location (
id_location bigint NOT NULL,
latitude double precision NOT NULL,
longitude double precision NOT NULL
) ;
INSERT INTO location (id_location, latitude, longitude) VALUES
(1, 48.864716, 2.349014),
(2, 55.751244, 37.618423),
(3, 46.469391, 30.740883);
CREATE SEQUENCE location_id_location_seq;
ALTER TABLE location ALTER COLUMN id_location SET DEFAULT nextval('location_id_location_seq');
ALTER SEQUENCE location_id_location_seq OWNED BY "location"."id_location";



DROP TABLE IF EXISTS country;
CREATE TABLE IF NOT EXISTS country (
  id_country integer NOT NULL,
  id_zone integer NOT NULL,
  id_currency integer NOT NULL DEFAULT 0,
  iso_code varchar(3) NOT NULL,
  call_prefix integer NOT NULL DEFAULT 0,
  active boolean NOT NULL DEFAULT false,
  contains_states boolean NOT NULL DEFAULT false,
  need_identification_number boolean NOT NULL DEFAULT false,
  need_zip_code boolean NOT NULL DEFAULT false,
  zip_code_format varchar(12) NOT NULL DEFAULT '',
  display_tax_label boolean NOT NULL,
  PRIMARY KEY (id_country)
);
/*
KEY country_iso_code (iso_code),
KEY country_ (id_zone)
 */
INSERT INTO country (id_country, id_zone, id_currency, iso_code, call_prefix, active, contains_states, need_identification_number, need_zip_code, zip_code_format, display_tax_label) VALUES
(1, 1, 0, 'DE', 49, false, false, false, true, 'NNNNN', true),
(2, 1, 0, 'AT', 43, false, false, false, true, 'NNNN', true),
(3, 1, 0, 'BE', 32, false, false, false, true, 'NNNN', true),
(4, 2, 0, 'CA', 1, false, true, false, true, 'LNL NLN', false),
(5, 3, 0, 'CN', 86, false, false, false, true, 'NNNNNN', true),
(6, 1, 0, 'ES', 34, false, false, true, true, 'NNNNN', true),
(7, 1, 0, 'FI', 358, false, false, false, true, 'NNNNN', true),
(8, 1, 0, 'FR', 33, false, false, false, true, 'NNNNN', true),
(9, 1, 0, 'GR', 30, false, false, false, true, 'NNNNN', true),
(10, 1, 0, 'IT', 39, false, true, false, true, 'NNNNN', true),
(11, 3, 0, 'JP', 81, false, true, false, true, 'NNN-NNNN', true),
(12, 1, 0, 'LU', 352, false, false, false, true, 'NNNN', true),
(13, 1, 0, 'NL', 31, false, false, false, true, 'NNNN LL', true),
(14, 1, 0, 'PL', 48, false, false, false, true, 'NN-NNN', true),
(15, 1, 0, 'PT', 351, false, false, false, true, 'NNNN-NNN', true),
(16, 1, 0, 'CZ', 420, false, false, false, true, 'NNN NN', true),
(17, 1, 0, 'GB', 44, false, false, false, true, '', true),
(18, 1, 0, 'SE', 46, false, false, false, true, 'NNN NN', true),
(19, 7, 0, 'CH', 41, false, false, false, true, 'NNNN', true),
(20, 1, 0, 'DK', 45, false, false, false, true, 'NNNN', true),
(21, 2, 0, 'US', 1, false, true, false, true, 'NNNNN', false),
(22, 3, 0, 'HK', 852, false, false, false, false, '', true),
(23, 7, 0, 'NO', 47, false, false, false, true, 'NNNN', true),
(24, 5, 0, 'AU', 61, false, true, false, true, 'NNNN', true),
(25, 3, 0, 'SG', 65, false, false, false, true, 'NNNNNN', true),
(26, 1, 0, 'IE', 353, false, false, false, false, '', true),
(27, 5, 0, 'NZ', 64, false, false, false, true, 'NNNN', true),
(28, 3, 0, 'KR', 82, false, false, false, true, 'NNN-NNN', true),
(29, 3, 0, 'IL', 972, false, false, false, true, 'NNNNNNN', true),
(30, 4, 0, 'ZA', 27, false, false, false, true, 'NNNN', true),
(31, 4, 0, 'NG', 234, false, false, false, true, '', true),
(32, 4, 0, 'CI', 225, false, false, false, true, '', true),
(33, 4, 0, 'TG', 228, false, false, false, true, '', true),
(34, 6, 0, 'BO', 591, false, false, false, true, '', true),
(35, 4, 0, 'MU', 230, false, false, false, true, '', true),
(36, 1, 0, 'RO', 40, false, false, false, true, 'NNNNNN', true),
(37, 1, 0, 'SK', 421, false, false, false, true, 'NNN NN', true),
(38, 4, 0, 'DZ', 213, false, false, false, true, 'NNNNN', true),
(39, 2, 0, 'AS', 0, false, false, false, true, '', true),
(40, 7, 0, 'AD', 376, false, false, false, true, 'CNNN', true),
(41, 4, 0, 'AO', 244, false, false, false, false, '', true),
(42, 8, 0, 'AI', 0, false, false, false, true, '', true),
(43, 2, 0, 'AG', 0, false, false, false, true, '', true),
(44, 6, 0, 'AR', 54, false, true, false, true, 'LNNNNLLL', true),
(45, 3, 0, 'AM', 374, false, false, false, true, 'NNNN', true),
(46, 8, 0, 'AW', 297, false, false, false, true, '', true),
(47, 3, 0, 'AZ', 994, false, false, false, true, 'CNNNN', true),
(48, 2, 0, 'BS', 0, false, false, false, true, '', true),
(49, 3, 0, 'BH', 973, false, false, false, true, '', true),
(50, 3, 0, 'BD', 880, false, false, false, true, 'NNNN', true),
(51, 2, 0, 'BB', 0, false, false, false, true, 'CNNNNN', true),
(52, 7, 0, 'BY', 0, false, false, false, true, 'NNNNNN', true),
(53, 8, 0, 'BZ', 501, false, false, false, false, '', true),
(54, 4, 0, 'BJ', 229, false, false, false, false, '', true),
(55, 2, 0, 'BM', 0, false, false, false, true, '', true),
(56, 3, 0, 'BT', 975, false, false, false, true, '', true),
(57, 4, 0, 'BW', 267, false, false, false, true, '', true),
(58, 6, 0, 'BR', 55, false, false, false, true, 'NNNNN-NNN', true),
(59, 3, 0, 'BN', 673, false, false, false, true, 'LLNNNN', true),
(60, 4, 0, 'BF', 226, false, false, false, true, '', true),
(61, 3, 0, 'MM', 95, false, false, false, true, '', true),
(62, 4, 0, 'BI', 257, false, false, false, true, '', true),
(63, 3, 0, 'KH', 855, false, false, false, true, 'NNNNN', true),
(64, 4, 0, 'CM', 237, false, false, false, true, '', true),
(65, 4, 0, 'CV', 238, false, false, false, true, 'NNNN', true),
(66, 4, 0, 'CF', 236, false, false, false, true, '', true),
(67, 4, 0, 'TD', 235, false, false, false, true, '', true),
(68, 6, 0, 'CL', 56, false, false, false, true, 'NNN-NNNN', true),
(69, 6, 0, 'CO', 57, false, false, false, true, 'NNNNNN', true),
(70, 4, 0, 'KM', 269, false, false, false, true, '', true),
(71, 4, 0, 'CD', 242, false, false, false, true, '', true),
(72, 4, 0, 'CG', 243, false, false, false, true, '', true),
(73, 8, 0, 'CR', 506, false, false, false, true, 'NNNNN', true),
(74, 7, 0, 'HR', 385, false, false, false, true, 'NNNNN', true),
(75, 8, 0, 'CU', 53, false, false, false, true, '', true),
(76, 1, 0, 'CY', 357, false, false, false, true, 'NNNN', true),
(77, 4, 0, 'DJ', 253, false, false, false, true, '', true),
(78, 8, 0, 'DM', 0, false, false, false, true, '', true),
(79, 8, 0, 'DO', 0, false, false, false, true, '', true),
(80, 3, 0, 'TL', 670, false, false, false, true, '', true),
(81, 6, 0, 'EC', 593, false, false, false, true, 'CNNNNNN', true),
(82, 4, 0, 'EG', 20, false, false, false, true, 'NNNNN', true),
(83, 8, 0, 'SV', 503, false, false, false, true, '', true),
(84, 4, 0, 'GQ', 240, false, false, false, true, '', true),
(85, 4, 0, 'ER', 291, false, false, false, true, '', true),
(86, 1, 0, 'EE', 372, false, false, false, true, 'NNNNN', true),
(87, 4, 0, 'ET', 251, false, false, false, true, '', true),
(88, 8, 0, 'FK', 0, false, false, false, true, 'LLLL NLL', true),
(89, 7, 0, 'FO', 298, false, false, false, true, '', true),
(90, 5, 0, 'FJ', 679, false, false, false, true, '', true),
(91, 4, 0, 'GA', 241, false, false, false, true, '', true),
(92, 4, 0, 'GM', 220, false, false, false, true, '', true),
(93, 3, 0, 'GE', 995, false, false, false, true, 'NNNN', true),
(94, 4, 0, 'GH', 233, false, false, false, true, '', true),
(95, 8, 0, 'GD', 0, false, false, false, true, '', true),
(96, 7, 0, 'GL', 299, false, false, false, true, '', true),
(97, 7, 0, 'GI', 350, false, false, false, true, '', true),
(98, 8, 0, 'GP', 590, false, false, false, true, '', true),
(99, 5, 0, 'GU', 0, false, false, false, true, '', true),
(100, 8, 0, 'GT', 502, false, false, false, true, '', true),
(101, 7, 0, 'GG', 0, false, false, false, true, 'LLN NLL', true),
(102, 4, 0, 'GN', 224, false, false, false, true, '', true),
(103, 4, 0, 'GW', 245, false, false, false, true, '', true),
(104, 6, 0, 'GY', 592, false, false, false, true, '', true),
(105, 8, 0, 'HT', 509, false, false, false, true, '', true),
(106, 5, 0, 'HM', 0, false, false, false, true, '', true),
(107, 7, 0, 'VA', 379, false, false, false, true, 'NNNNN', true),
(108, 8, 0, 'HN', 504, false, false, false, true, '', true),
(109, 7, 0, 'IS', 354, false, false, false, true, 'NNN', true),
(110, 3, 0, 'IN', 91, false, false, false, true, 'NNN NNN', true),
(111, 3, 0, 'ID', 62, false, true, false, true, 'NNNNN', true),
(112, 3, 0, 'IR', 98, false, false, false, true, 'NNNNN-NNNNN', true),
(113, 3, 0, 'IQ', 964, false, false, false, true, 'NNNNN', true),
(114, 7, 0, 'IM', 0, false, false, false, true, 'CN NLL', true),
(115, 8, 0, 'JM', 0, false, false, false, true, '', true),
(116, 7, 0, 'JE', 0, false, false, false, true, 'CN NLL', true),
(117, 3, 0, 'JO', 962, false, false, false, true, '', true),
(118, 3, 0, 'KZ', 7, false, false, false, true, 'NNNNNN', true),
(119, 4, 0, 'KE', 254, false, false, false, true, '', true),
(120, 5, 0, 'KI', 686, false, false, false, true, '', true),
(121, 3, 0, 'KP', 850, false, false, false, true, '', true),
(122, 3, 0, 'KW', 965, false, false, false, true, '', true),
(123, 3, 0, 'KG', 996, false, false, false, true, '', true),
(124, 3, 0, 'LA', 856, false, false, false, true, '', true),
(125, 1, 0, 'LV', 371, false, false, false, true, 'C-NNNN', true),
(126, 3, 0, 'LB', 961, false, false, false, true, '', true),
(127, 4, 0, 'LS', 266, false, false, false, true, '', true),
(128, 4, 0, 'LR', 231, false, false, false, true, '', true),
(129, 4, 0, 'LY', 218, false, false, false, true, '', true),
(130, 1, 0, 'LI', 423, false, false, false, true, 'NNNN', true),
(131, 1, 0, 'LT', 370, false, false, false, true, 'NNNNN', true),
(132, 3, 0, 'MO', 853, false, false, false, false, '', true),
(133, 7, 0, 'MK', 389, false, false, false, true, '', true),
(134, 4, 0, 'MG', 261, false, false, false, true, '', true),
(135, 4, 0, 'MW', 265, false, false, false, true, '', true),
(136, 3, 0, 'MY', 60, false, false, false, true, 'NNNNN', true),
(137, 3, 0, 'MV', 960, false, false, false, true, '', true),
(138, 4, 0, 'ML', 223, false, false, false, true, '', true),
(139, 1, 0, 'MT', 356, false, false, false, true, 'LLL NNNN', true),
(140, 5, 0, 'MH', 692, false, false, false, true, '', true),
(141, 8, 0, 'MQ', 596, false, false, false, true, '', true),
(142, 4, 0, 'MR', 222, false, false, false, true, '', true),
(143, 1, 0, 'HU', 36, false, false, false, true, 'NNNN', true),
(144, 4, 0, 'YT', 262, false, false, false, true, '', true),
(145, 2, 0, 'MX', 52, false, true, true, true, 'NNNNN', true),
(146, 5, 0, 'FM', 691, false, false, false, true, '', true),
(147, 7, 0, 'MD', 373, false, false, false, true, 'C-NNNN', true),
(148, 7, 0, 'MC', 377, false, false, false, true, '980NN', true),
(149, 3, 0, 'MN', 976, false, false, false, true, '', true),
(150, 7, 0, 'ME', 382, false, false, false, true, 'NNNNN', true),
(151, 8, 0, 'MS', 0, false, false, false, true, '', true),
(152, 4, 0, 'MA', 212, false, false, false, true, 'NNNNN', true),
(153, 4, 0, 'MZ', 258, false, false, false, true, '', true),
(154, 4, 0, 'NA', 264, false, false, false, true, '', true),
(155, 5, 0, 'NR', 674, false, false, false, true, '', true),
(156, 3, 0, 'NP', 977, false, false, false, true, '', true),
(157, 8, 0, 'AN', 599, false, false, false, true, '', true),
(158, 5, 0, 'NC', 687, false, false, false, true, '', true),
(159, 8, 0, 'NI', 505, false, false, false, true, 'NNNNNN', true),
(160, 4, 0, 'NE', 227, false, false, false, true, '', true),
(161, 5, 0, 'NU', 683, false, false, false, true, '', true),
(162, 5, 0, 'NF', 0, false, false, false, true, '', true),
(163, 5, 0, 'MP', 0, false, false, false, true, '', true),
(164, 3, 0, 'OM', 968, false, false, false, true, '', true),
(165, 3, 0, 'PK', 92, false, false, false, true, '', true),
(166, 5, 0, 'PW', 680, false, false, false, true, '', true),
(167, 3, 0, 'PS', 0, false, false, false, true, '', true),
(168, 8, 0, 'PA', 507, false, false, false, true, 'NNNNNN', true),
(169, 5, 0, 'PG', 675, false, false, false, true, '', true),
(170, 6, 0, 'PY', 595, false, false, false, true, '', true),
(171, 6, 0, 'PE', 51, false, false, false, true, '', true),
(172, 3, 0, 'PH', 63, false, false, false, true, 'NNNN', true),
(173, 5, 0, 'PN', 0, false, false, false, true, 'LLLL NLL', true),
(174, 8, 0, 'PR', 0, false, false, false, true, 'NNNNN', true),
(175, 3, 0, 'QA', 974, false, false, false, true, '', true),
(176, 4, 0, 'RE', 262, false, false, false, true, '', true),
(177, 7, 0, 'RU', 7, false, false, false, true, 'NNNNNN', true),
(178, 4, 0, 'RW', 250, false, false, false, true, '', true),
(179, 8, 0, 'BL', 0, false, false, false, true, '', true),
(180, 8, 0, 'KN', 0, false, false, false, true, '', true),
(181, 8, 0, 'LC', 0, false, false, false, true, '', true),
(182, 8, 0, 'MF', 0, false, false, false, true, '', true),
(183, 8, 0, 'PM', 508, false, false, false, true, '', true),
(184, 8, 0, 'VC', 0, false, false, false, true, '', true),
(185, 5, 0, 'WS', 685, false, false, false, true, '', true),
(186, 7, 0, 'SM', 378, false, false, false, true, 'NNNNN', true),
(187, 4, 0, 'ST', 239, false, false, false, true, '', true),
(188, 3, 0, 'SA', 966, false, false, false, true, '', true),
(189, 4, 0, 'SN', 221, false, false, false, true, '', true),
(190, 7, 0, 'RS', 381, false, false, false, true, 'NNNNN', true),
(191, 4, 0, 'SC', 248, false, false, false, true, '', true),
(192, 4, 0, 'SL', 232, false, false, false, true, '', true),
(193, 1, 0, 'SI', 386, false, false, false, true, 'C-NNNN', true),
(194, 5, 0, 'SB', 677, false, false, false, true, '', true),
(195, 4, 0, 'SO', 252, false, false, false, true, '', true),
(196, 8, 0, 'GS', 0, false, false, false, true, 'LLLL NLL', true),
(197, 3, 0, 'LK', 94, false, false, false, true, 'NNNNN', true),
(198, 4, 0, 'SD', 249, false, false, false, true, '', true),
(199, 8, 0, 'SR', 597, false, false, false, true, '', true),
(200, 7, 0, 'SJ', 0, false, false, false, true, '', true),
(201, 4, 0, 'SZ', 268, false, false, false, true, '', true),
(202, 3, 0, 'SY', 963, false, false, false, true, '', true),
(203, 3, 0, 'TW', 886, false, false, false, true, 'NNNNN', true),
(204, 3, 0, 'TJ', 992, false, false, false, true, '', true),
(205, 4, 0, 'TZ', 255, false, false, false, true, '', true),
(206, 3, 0, 'TH', 66, false, false, false, true, 'NNNNN', true),
(207, 5, 0, 'TK', 690, false, false, false, true, '', true),
(208, 5, 0, 'TO', 676, false, false, false, true, '', true),
(209, 6, 0, 'TT', 0, false, false, false, true, '', true),
(210, 4, 0, 'TN', 216, false, false, false, true, '', true),
(211, 7, 0, 'TR', 90, false, false, false, true, 'NNNNN', true),
(212, 3, 0, 'TM', 993, false, false, false, true, '', true),
(213, 8, 0, 'TC', 0, false, false, false, true, 'LLLL NLL', true),
(214, 5, 0, 'TV', 688, false, false, false, true, '', true),
(215, 4, 0, 'UG', 256, false, false, false, true, '', true),
(216, 1, 0, 'UA', 380, true, true, false, true, 'NNNNN', true),
(217, 3, 0, 'AE', 971, false, false, false, true, '', true),
(218, 6, 0, 'UY', 598, false, false, false, true, '', true),
(219, 3, 0, 'UZ', 998, false, false, false, true, '', true),
(220, 5, 0, 'VU', 678, false, false, false, true, '', true),
(221, 6, 0, 'VE', 58, false, false, false, true, '', true),
(222, 3, 0, 'VN', 84, false, false, false, true, 'NNNNNN', true),
(223, 2, 0, 'VG', 0, false, false, false, true, 'CNNNN', true),
(224, 2, 0, 'VI', 0, false, false, false, true, '', true),
(225, 5, 0, 'WF', 681, false, false, false, true, '', true),
(226, 4, 0, 'EH', 0, false, false, false, true, '', true),
(227, 3, 0, 'YE', 967, false, false, false, true, '', true),
(228, 4, 0, 'ZM', 260, false, false, false, true, '', true),
(229, 4, 0, 'ZW', 263, false, false, false, true, '', true),
(230, 7, 0, 'AL', 355, false, false, false, true, 'NNNN', true),
(231, 3, 0, 'AF', 93, false, false, false, true, 'NNNN', true),
(232, 5, 0, 'AQ', 0, false, false, false, true, '', true),
(233, 1, 0, 'BA', 387, false, false, false, true, '', true),
(234, 5, 0, 'BV', 0, false, false, false, true, '', true),
(235, 5, 0, 'IO', 0, false, false, false, true, 'LLLL NLL', true),
(236, 1, 0, 'BG', 359, false, false, false, true, 'NNNN', true),
(237, 8, 0, 'KY', 0, false, false, false, true, '', true),
(238, 3, 0, 'CX', 0, false, false, false, true, '', true),
(239, 3, 0, 'CC', 0, false, false, false, true, '', true),
(240, 5, 0, 'CK', 682, false, false, false, true, '', true),
(241, 6, 0, 'GF', 594, false, false, false, true, '', true),
(242, 5, 0, 'PF', 689, false, false, false, true, '', true),
(243, 5, 0, 'TF', 0, false, false, false, true, '', true),
(244, 7, 0, 'AX', 0, false, false, false, true, 'NNNNN', true);
CREATE SEQUENCE country_id_country_seq;
ALTER TABLE country ALTER COLUMN id_zone SET DEFAULT nextval('country_id_country_seq');
ALTER SEQUENCE country_id_country_seq OWNED BY "country"."id_country";

DROP TABLE IF EXISTS country_lang;
CREATE TABLE IF NOT EXISTS country_lang (
  id_country integer NOT NULL,
  id_lang integer NOT NULL,
  name varchar(64) NOT NULL,
  PRIMARY KEY (id_country,id_lang)
);
INSERT INTO country_lang (id_country, id_lang, name) VALUES
(1, 1, 'Germany'),
(1, 2, 'Germany'),
(1, 3, 'Germany'),
(1, 4, 'Germany'),
(1, 5, 'Germany'),
(2, 1, 'Austria'),
(2, 2, 'Austria'),
(2, 3, 'Austria'),
(2, 4, 'Austria'),
(2, 5, 'Austria'),
(3, 1, 'Belgium'),
(3, 2, 'Belgium'),
(3, 3, 'Belgium'),
(3, 4, 'Belgium'),
(3, 5, 'Belgium'),
(4, 1, 'Canada'),
(4, 2, 'Canada'),
(4, 3, 'Canada'),
(4, 4, 'Canada'),
(4, 5, 'Canada'),
(5, 1, 'China'),
(5, 2, 'China'),
(5, 3, 'China'),
(5, 4, 'China'),
(5, 5, 'China'),
(6, 1, 'Spain'),
(6, 2, 'Spain'),
(6, 3, 'Spain'),
(6, 4, 'Spain'),
(6, 5, 'Spain'),
(7, 1, 'Finland'),
(7, 2, 'Finland'),
(7, 3, 'Finland'),
(7, 4, 'Finland'),
(7, 5, 'Finland'),
(8, 1, 'France'),
(8, 2, 'France'),
(8, 3, 'France'),
(8, 4, 'France'),
(8, 5, 'France'),
(9, 1, 'Greece'),
(9, 2, 'Greece'),
(9, 3, 'Greece'),
(9, 4, 'Greece'),
(9, 5, 'Greece'),
(10, 1, 'Italy'),
(10, 2, 'Italy'),
(10, 3, 'Italy'),
(10, 4, 'Italy'),
(10, 5, 'Italy'),
(11, 1, 'Japan'),
(11, 2, 'Japan'),
(11, 3, 'Japan'),
(11, 4, 'Japan'),
(11, 5, 'Japan'),
(12, 1, 'Luxemburg'),
(12, 2, 'Luxemburg'),
(12, 3, 'Luxemburg'),
(12, 4, 'Luxemburg'),
(12, 5, 'Luxemburg'),
(13, 1, 'Netherlands'),
(13, 2, 'Netherlands'),
(13, 3, 'Netherlands'),
(13, 4, 'Netherlands'),
(13, 5, 'Netherlands'),
(14, 1, 'Poland'),
(14, 2, 'Poland'),
(14, 3, 'Poland'),
(14, 4, 'Poland'),
(14, 5, 'Poland'),
(15, 1, 'Portugal'),
(15, 2, 'Portugal'),
(15, 3, 'Portugal'),
(15, 4, 'Portugal'),
(15, 5, 'Portugal'),
(16, 1, 'Czech Republic'),
(16, 2, 'Czech Republic'),
(16, 3, 'Czech Republic'),
(16, 4, 'Czech Republic'),
(16, 5, 'Czech Republic'),
(17, 1, 'United Kingdom'),
(17, 2, 'United Kingdom'),
(17, 3, 'United Kingdom'),
(17, 4, 'United Kingdom'),
(17, 5, 'United Kingdom'),
(18, 1, 'Sweden'),
(18, 2, 'Sweden'),
(18, 3, 'Sweden'),
(18, 4, 'Sweden'),
(18, 5, 'Sweden'),
(19, 1, 'Switzerland'),
(19, 2, 'Switzerland'),
(19, 3, 'Switzerland'),
(19, 4, 'Switzerland'),
(19, 5, 'Switzerland'),
(20, 1, 'Denmark'),
(20, 2, 'Denmark'),
(20, 3, 'Denmark'),
(20, 4, 'Denmark'),
(20, 5, 'Denmark'),
(21, 1, 'United States'),
(21, 2, 'United States'),
(21, 3, 'United States'),
(21, 4, 'United States'),
(21, 5, 'United States'),
(22, 1, 'HongKong'),
(22, 2, 'HongKong'),
(22, 3, 'HongKong'),
(22, 4, 'HongKong'),
(22, 5, 'HongKong'),
(23, 1, 'Norway'),
(23, 2, 'Norway'),
(23, 3, 'Norway'),
(23, 4, 'Norway'),
(23, 5, 'Norway'),
(24, 1, 'Australia'),
(24, 2, 'Australia'),
(24, 3, 'Australia'),
(24, 4, 'Australia'),
(24, 5, 'Australia'),
(25, 1, 'Singapore'),
(25, 2, 'Singapore'),
(25, 3, 'Singapore'),
(25, 4, 'Singapore'),
(25, 5, 'Singapore'),
(26, 1, 'Ireland'),
(26, 2, 'Ireland'),
(26, 3, 'Ireland'),
(26, 4, 'Ireland'),
(26, 5, 'Ireland'),
(27, 1, 'New Zealand'),
(27, 2, 'New Zealand'),
(27, 3, 'New Zealand'),
(27, 4, 'New Zealand'),
(27, 5, 'New Zealand'),
(28, 1, 'South Korea'),
(28, 2, 'South Korea'),
(28, 3, 'South Korea'),
(28, 4, 'South Korea'),
(28, 5, 'South Korea'),
(29, 1, 'Israel'),
(29, 2, 'Israel'),
(29, 3, 'Israel'),
(29, 4, 'Israel'),
(29, 5, 'Israel'),
(30, 1, 'South Africa'),
(30, 2, 'South Africa'),
(30, 3, 'South Africa'),
(30, 4, 'South Africa'),
(30, 5, 'South Africa'),
(31, 1, 'Nigeria'),
(31, 2, 'Nigeria'),
(31, 3, 'Nigeria'),
(31, 4, 'Nigeria'),
(31, 5, 'Nigeria'),
(32, 1, 'Ivory Coast'),
(32, 2, 'Ivory Coast'),
(32, 3, 'Ivory Coast'),
(32, 4, 'Ivory Coast'),
(32, 5, 'Ivory Coast'),
(33, 1, 'Togo'),
(33, 2, 'Togo'),
(33, 3, 'Togo'),
(33, 4, 'Togo'),
(33, 5, 'Togo'),
(34, 1, 'Bolivia'),
(34, 2, 'Bolivia'),
(34, 3, 'Bolivia'),
(34, 4, 'Bolivia'),
(34, 5, 'Bolivia'),
(35, 1, 'Mauritius'),
(35, 2, 'Mauritius'),
(35, 3, 'Mauritius'),
(35, 4, 'Mauritius'),
(35, 5, 'Mauritius'),
(36, 1, 'Romania'),
(36, 2, 'Romania'),
(36, 3, 'Romania'),
(36, 4, 'Romania'),
(36, 5, 'Romania'),
(37, 1, 'Slovakia'),
(37, 2, 'Slovakia'),
(37, 3, 'Slovakia'),
(37, 4, 'Slovakia'),
(37, 5, 'Slovakia'),
(38, 1, 'Algeria'),
(38, 2, 'Algeria'),
(38, 3, 'Algeria'),
(38, 4, 'Algeria'),
(38, 5, 'Algeria'),
(39, 1, 'American Samoa'),
(39, 2, 'American Samoa'),
(39, 3, 'American Samoa'),
(39, 4, 'American Samoa'),
(39, 5, 'American Samoa'),
(40, 1, 'Andorra'),
(40, 2, 'Andorra'),
(40, 3, 'Andorra'),
(40, 4, 'Andorra'),
(40, 5, 'Andorra'),
(41, 1, 'Angola'),
(41, 2, 'Angola'),
(41, 3, 'Angola'),
(41, 4, 'Angola'),
(41, 5, 'Angola'),
(42, 1, 'Anguilla'),
(42, 2, 'Anguilla'),
(42, 3, 'Anguilla'),
(42, 4, 'Anguilla'),
(42, 5, 'Anguilla'),
(43, 1, 'Antigua and Barbuda'),
(43, 2, 'Antigua and Barbuda'),
(43, 3, 'Antigua and Barbuda'),
(43, 4, 'Antigua and Barbuda'),
(43, 5, 'Antigua and Barbuda'),
(44, 1, 'Argentina'),
(44, 2, 'Argentina'),
(44, 3, 'Argentina'),
(44, 4, 'Argentina'),
(44, 5, 'Argentina'),
(45, 1, 'Armenia'),
(45, 2, 'Armenia'),
(45, 3, 'Armenia'),
(45, 4, 'Armenia'),
(45, 5, 'Armenia'),
(46, 1, 'Aruba'),
(46, 2, 'Aruba'),
(46, 3, 'Aruba'),
(46, 4, 'Aruba'),
(46, 5, 'Aruba'),
(47, 1, 'Azerbaijan'),
(47, 2, 'Azerbaijan'),
(47, 3, 'Azerbaijan'),
(47, 4, 'Azerbaijan'),
(47, 5, 'Azerbaijan'),
(48, 1, 'Bahamas'),
(48, 2, 'Bahamas'),
(48, 3, 'Bahamas'),
(48, 4, 'Bahamas'),
(48, 5, 'Bahamas'),
(49, 1, 'Bahrain'),
(49, 2, 'Bahrain'),
(49, 3, 'Bahrain'),
(49, 4, 'Bahrain'),
(49, 5, 'Bahrain'),
(50, 1, 'Bangladesh'),
(50, 2, 'Bangladesh'),
(50, 3, 'Bangladesh'),
(50, 4, 'Bangladesh'),
(50, 5, 'Bangladesh'),
(51, 1, 'Barbados'),
(51, 2, 'Barbados'),
(51, 3, 'Barbados'),
(51, 4, 'Barbados'),
(51, 5, 'Barbados'),
(52, 1, 'Belarus'),
(52, 2, 'Belarus'),
(52, 3, 'Belarus'),
(52, 4, 'Belarus'),
(52, 5, 'Belarus'),
(53, 1, 'Belize'),
(53, 2, 'Belize'),
(53, 3, 'Belize'),
(53, 4, 'Belize'),
(53, 5, 'Belize'),
(54, 1, 'Benin'),
(54, 2, 'Benin'),
(54, 3, 'Benin'),
(54, 4, 'Benin'),
(54, 5, 'Benin'),
(55, 1, 'Bermuda'),
(55, 2, 'Bermuda'),
(55, 3, 'Bermuda'),
(55, 4, 'Bermuda'),
(55, 5, 'Bermuda'),
(56, 1, 'Bhutan'),
(56, 2, 'Bhutan'),
(56, 3, 'Bhutan'),
(56, 4, 'Bhutan'),
(56, 5, 'Bhutan'),
(57, 1, 'Botswana'),
(57, 2, 'Botswana'),
(57, 3, 'Botswana'),
(57, 4, 'Botswana'),
(57, 5, 'Botswana'),
(58, 1, 'Brazil'),
(58, 2, 'Brazil'),
(58, 3, 'Brazil'),
(58, 4, 'Brazil'),
(58, 5, 'Brazil'),
(59, 1, 'Brunei'),
(59, 2, 'Brunei'),
(59, 3, 'Brunei'),
(59, 4, 'Brunei'),
(59, 5, 'Brunei'),
(60, 1, 'Burkina Faso'),
(60, 2, 'Burkina Faso'),
(60, 3, 'Burkina Faso'),
(60, 4, 'Burkina Faso'),
(60, 5, 'Burkina Faso'),
(61, 1, 'Burma (Myanmar)'),
(61, 2, 'Burma (Myanmar)'),
(61, 3, 'Burma (Myanmar)'),
(61, 4, 'Burma (Myanmar)'),
(61, 5, 'Burma (Myanmar)'),
(62, 1, 'Burundi'),
(62, 2, 'Burundi'),
(62, 3, 'Burundi'),
(62, 4, 'Burundi'),
(62, 5, 'Burundi'),
(63, 1, 'Cambodia'),
(63, 2, 'Cambodia'),
(63, 3, 'Cambodia'),
(63, 4, 'Cambodia'),
(63, 5, 'Cambodia'),
(64, 1, 'Cameroon'),
(64, 2, 'Cameroon'),
(64, 3, 'Cameroon'),
(64, 4, 'Cameroon'),
(64, 5, 'Cameroon'),
(65, 1, 'Cape Verde'),
(65, 2, 'Cape Verde'),
(65, 3, 'Cape Verde'),
(65, 4, 'Cape Verde'),
(65, 5, 'Cape Verde'),
(66, 1, 'Central African Republic'),
(66, 2, 'Central African Republic'),
(66, 3, 'Central African Republic'),
(66, 4, 'Central African Republic'),
(66, 5, 'Central African Republic'),
(67, 1, 'Chad'),
(67, 2, 'Chad'),
(67, 3, 'Chad'),
(67, 4, 'Chad'),
(67, 5, 'Chad'),
(68, 1, 'Chile'),
(68, 2, 'Chile'),
(68, 3, 'Chile'),
(68, 4, 'Chile'),
(68, 5, 'Chile'),
(69, 1, 'Colombia'),
(69, 2, 'Colombia'),
(69, 3, 'Colombia'),
(69, 4, 'Colombia'),
(69, 5, 'Colombia'),
(70, 1, 'Comoros'),
(70, 2, 'Comoros'),
(70, 3, 'Comoros'),
(70, 4, 'Comoros'),
(70, 5, 'Comoros'),
(71, 1, 'Congo, Dem. Republic'),
(71, 2, 'Congo, Dem. Republic'),
(71, 3, 'Congo, Dem. Republic'),
(71, 4, 'Congo, Dem. Republic'),
(71, 5, 'Congo, Dem. Republic'),
(72, 1, 'Congo, Republic'),
(72, 2, 'Congo, Republic'),
(72, 3, 'Congo, Republic'),
(72, 4, 'Congo, Republic'),
(72, 5, 'Congo, Republic'),
(73, 1, 'Costa Rica'),
(73, 2, 'Costa Rica'),
(73, 3, 'Costa Rica'),
(73, 4, 'Costa Rica'),
(73, 5, 'Costa Rica'),
(74, 1, 'Croatia'),
(74, 2, 'Croatia'),
(74, 3, 'Croatia'),
(74, 4, 'Croatia'),
(74, 5, 'Croatia'),
(75, 1, 'Cuba'),
(75, 2, 'Cuba'),
(75, 3, 'Cuba'),
(75, 4, 'Cuba'),
(75, 5, 'Cuba'),
(76, 1, 'Cyprus'),
(76, 2, 'Cyprus'),
(76, 3, 'Cyprus'),
(76, 4, 'Cyprus'),
(76, 5, 'Cyprus'),
(77, 1, 'Djibouti'),
(77, 2, 'Djibouti'),
(77, 3, 'Djibouti'),
(77, 4, 'Djibouti'),
(77, 5, 'Djibouti'),
(78, 1, 'Dominica'),
(78, 2, 'Dominica'),
(78, 3, 'Dominica'),
(78, 4, 'Dominica'),
(78, 5, 'Dominica'),
(79, 1, 'Dominican Republic'),
(79, 2, 'Dominican Republic'),
(79, 3, 'Dominican Republic'),
(79, 4, 'Dominican Republic'),
(79, 5, 'Dominican Republic'),
(80, 1, 'East Timor'),
(80, 2, 'East Timor'),
(80, 3, 'East Timor'),
(80, 4, 'East Timor'),
(80, 5, 'East Timor'),
(81, 1, 'Ecuador'),
(81, 2, 'Ecuador'),
(81, 3, 'Ecuador'),
(81, 4, 'Ecuador'),
(81, 5, 'Ecuador'),
(82, 1, 'Egypt'),
(82, 2, 'Egypt'),
(82, 3, 'Egypt'),
(82, 4, 'Egypt'),
(82, 5, 'Egypt'),
(83, 1, 'El Salvador'),
(83, 2, 'El Salvador'),
(83, 3, 'El Salvador'),
(83, 4, 'El Salvador'),
(83, 5, 'El Salvador'),
(84, 1, 'Equatorial Guinea'),
(84, 2, 'Equatorial Guinea'),
(84, 3, 'Equatorial Guinea'),
(84, 4, 'Equatorial Guinea'),
(84, 5, 'Equatorial Guinea'),
(85, 1, 'Eritrea'),
(85, 2, 'Eritrea'),
(85, 3, 'Eritrea'),
(85, 4, 'Eritrea'),
(85, 5, 'Eritrea'),
(86, 1, 'Estonia'),
(86, 2, 'Estonia'),
(86, 3, 'Estonia'),
(86, 4, 'Estonia'),
(86, 5, 'Estonia'),
(87, 1, 'Ethiopia'),
(87, 2, 'Ethiopia'),
(87, 3, 'Ethiopia'),
(87, 4, 'Ethiopia'),
(87, 5, 'Ethiopia'),
(88, 1, 'Falkland Islands'),
(88, 2, 'Falkland Islands'),
(88, 3, 'Falkland Islands'),
(88, 4, 'Falkland Islands'),
(88, 5, 'Falkland Islands'),
(89, 1, 'Faroe Islands'),
(89, 2, 'Faroe Islands'),
(89, 3, 'Faroe Islands'),
(89, 4, 'Faroe Islands'),
(89, 5, 'Faroe Islands'),
(90, 1, 'Fiji'),
(90, 2, 'Fiji'),
(90, 3, 'Fiji'),
(90, 4, 'Fiji'),
(90, 5, 'Fiji'),
(91, 1, 'Gabon'),
(91, 2, 'Gabon'),
(91, 3, 'Gabon'),
(91, 4, 'Gabon'),
(91, 5, 'Gabon'),
(92, 1, 'Gambia'),
(92, 2, 'Gambia'),
(92, 3, 'Gambia'),
(92, 4, 'Gambia'),
(92, 5, 'Gambia'),
(93, 1, 'Georgia'),
(93, 2, 'Georgia'),
(93, 3, 'Georgia'),
(93, 4, 'Georgia'),
(93, 5, 'Georgia'),
(94, 1, 'Ghana'),
(94, 2, 'Ghana'),
(94, 3, 'Ghana'),
(94, 4, 'Ghana'),
(94, 5, 'Ghana'),
(95, 1, 'Grenada'),
(95, 2, 'Grenada'),
(95, 3, 'Grenada'),
(95, 4, 'Grenada'),
(95, 5, 'Grenada'),
(96, 1, 'Greenland'),
(96, 2, 'Greenland'),
(96, 3, 'Greenland'),
(96, 4, 'Greenland'),
(96, 5, 'Greenland'),
(97, 1, 'Gibraltar'),
(97, 2, 'Gibraltar'),
(97, 3, 'Gibraltar'),
(97, 4, 'Gibraltar'),
(97, 5, 'Gibraltar'),
(98, 1, 'Guadeloupe'),
(98, 2, 'Guadeloupe'),
(98, 3, 'Guadeloupe'),
(98, 4, 'Guadeloupe'),
(98, 5, 'Guadeloupe'),
(99, 1, 'Guam'),
(99, 2, 'Guam'),
(99, 3, 'Guam'),
(99, 4, 'Guam'),
(99, 5, 'Guam'),
(100, 1, 'Guatemala'),
(100, 2, 'Guatemala'),
(100, 3, 'Guatemala'),
(100, 4, 'Guatemala'),
(100, 5, 'Guatemala'),
(101, 1, 'Guernsey'),
(101, 2, 'Guernsey'),
(101, 3, 'Guernsey'),
(101, 4, 'Guernsey'),
(101, 5, 'Guernsey'),
(102, 1, 'Guinea'),
(102, 2, 'Guinea'),
(102, 3, 'Guinea'),
(102, 4, 'Guinea'),
(102, 5, 'Guinea'),
(103, 1, 'Guinea-Bissau'),
(103, 2, 'Guinea-Bissau'),
(103, 3, 'Guinea-Bissau'),
(103, 4, 'Guinea-Bissau'),
(103, 5, 'Guinea-Bissau'),
(104, 1, 'Guyana'),
(104, 2, 'Guyana'),
(104, 3, 'Guyana'),
(104, 4, 'Guyana'),
(104, 5, 'Guyana'),
(105, 1, 'Haiti'),
(105, 2, 'Haiti'),
(105, 3, 'Haiti'),
(105, 4, 'Haiti'),
(105, 5, 'Haiti'),
(106, 1, 'Heard Island and McDonald Islands'),
(106, 2, 'Heard Island and McDonald Islands'),
(106, 3, 'Heard Island and McDonald Islands'),
(106, 4, 'Heard Island and McDonald Islands'),
(106, 5, 'Heard Island and McDonald Islands'),
(107, 1, 'Vatican City State'),
(107, 2, 'Vatican City State'),
(107, 3, 'Vatican City State'),
(107, 4, 'Vatican City State'),
(107, 5, 'Vatican City State'),
(108, 1, 'Honduras'),
(108, 2, 'Honduras'),
(108, 3, 'Honduras'),
(108, 4, 'Honduras'),
(108, 5, 'Honduras'),
(109, 1, 'Iceland'),
(109, 2, 'Iceland'),
(109, 3, 'Iceland'),
(109, 4, 'Iceland'),
(109, 5, 'Iceland'),
(110, 1, 'India'),
(110, 2, 'India'),
(110, 3, 'India'),
(110, 4, 'India'),
(110, 5, 'India'),
(111, 1, 'Indonesia'),
(111, 2, 'Indonesia'),
(111, 3, 'Indonesia'),
(111, 4, 'Indonesia'),
(111, 5, 'Indonesia'),
(112, 1, 'Iran'),
(112, 2, 'Iran'),
(112, 3, 'Iran'),
(112, 4, 'Iran'),
(112, 5, 'Iran'),
(113, 1, 'Iraq'),
(113, 2, 'Iraq'),
(113, 3, 'Iraq'),
(113, 4, 'Iraq'),
(113, 5, 'Iraq'),
(114, 1, 'Man Island'),
(114, 2, 'Man Island'),
(114, 3, 'Man Island'),
(114, 4, 'Man Island'),
(114, 5, 'Man Island'),
(115, 1, 'Jamaica'),
(115, 2, 'Jamaica'),
(115, 3, 'Jamaica'),
(115, 4, 'Jamaica'),
(115, 5, 'Jamaica'),
(116, 1, 'Jersey'),
(116, 2, 'Jersey'),
(116, 3, 'Jersey'),
(116, 4, 'Jersey'),
(116, 5, 'Jersey'),
(117, 1, 'Jordan'),
(117, 2, 'Jordan'),
(117, 3, 'Jordan'),
(117, 4, 'Jordan'),
(117, 5, 'Jordan'),
(118, 1, 'Kazakhstan'),
(118, 2, 'Kazakhstan'),
(118, 3, 'Kazakhstan'),
(118, 4, 'Kazakhstan'),
(118, 5, 'Kazakhstan'),
(119, 1, 'Kenya'),
(119, 2, 'Kenya'),
(119, 3, 'Kenya'),
(119, 4, 'Kenya'),
(119, 5, 'Kenya'),
(120, 1, 'Kiribati'),
(120, 2, 'Kiribati'),
(120, 3, 'Kiribati'),
(120, 4, 'Kiribati'),
(120, 5, 'Kiribati'),
(121, 1, 'Korea, Dem. Republic of'),
(121, 2, 'Korea, Dem. Republic of'),
(121, 3, 'Korea, Dem. Republic of'),
(121, 4, 'Korea, Dem. Republic of'),
(121, 5, 'Korea, Dem. Republic of'),
(122, 1, 'Kuwait'),
(122, 2, 'Kuwait'),
(122, 3, 'Kuwait'),
(122, 4, 'Kuwait'),
(122, 5, 'Kuwait'),
(123, 1, 'Kyrgyzstan'),
(123, 2, 'Kyrgyzstan'),
(123, 3, 'Kyrgyzstan'),
(123, 4, 'Kyrgyzstan'),
(123, 5, 'Kyrgyzstan'),
(124, 1, 'Laos'),
(124, 2, 'Laos'),
(124, 3, 'Laos'),
(124, 4, 'Laos'),
(124, 5, 'Laos'),
(125, 1, 'Latvia'),
(125, 2, 'Latvia'),
(125, 3, 'Latvia'),
(125, 4, 'Latvia'),
(125, 5, 'Latvia'),
(126, 1, 'Lebanon'),
(126, 2, 'Lebanon'),
(126, 3, 'Lebanon'),
(126, 4, 'Lebanon'),
(126, 5, 'Lebanon'),
(127, 1, 'Lesotho'),
(127, 2, 'Lesotho'),
(127, 3, 'Lesotho'),
(127, 4, 'Lesotho'),
(127, 5, 'Lesotho'),
(128, 1, 'Liberia'),
(128, 2, 'Liberia'),
(128, 3, 'Liberia'),
(128, 4, 'Liberia'),
(128, 5, 'Liberia'),
(129, 1, 'Libya'),
(129, 2, 'Libya'),
(129, 3, 'Libya'),
(129, 4, 'Libya'),
(129, 5, 'Libya'),
(130, 1, 'Liechtenstein'),
(130, 2, 'Liechtenstein'),
(130, 3, 'Liechtenstein'),
(130, 4, 'Liechtenstein'),
(130, 5, 'Liechtenstein'),
(131, 1, 'Lithuania'),
(131, 2, 'Lithuania'),
(131, 3, 'Lithuania'),
(131, 4, 'Lithuania'),
(131, 5, 'Lithuania'),
(132, 1, 'Macau'),
(132, 2, 'Macau'),
(132, 3, 'Macau'),
(132, 4, 'Macau'),
(132, 5, 'Macau'),
(133, 1, 'Macedonia'),
(133, 2, 'Macedonia'),
(133, 3, 'Macedonia'),
(133, 4, 'Macedonia'),
(133, 5, 'Macedonia'),
(134, 1, 'Madagascar'),
(134, 2, 'Madagascar'),
(134, 3, 'Madagascar'),
(134, 4, 'Madagascar'),
(134, 5, 'Madagascar'),
(135, 1, 'Malawi'),
(135, 2, 'Malawi'),
(135, 3, 'Malawi'),
(135, 4, 'Malawi'),
(135, 5, 'Malawi'),
(136, 1, 'Malaysia'),
(136, 2, 'Malaysia'),
(136, 3, 'Malaysia'),
(136, 4, 'Malaysia'),
(136, 5, 'Malaysia'),
(137, 1, 'Maldives'),
(137, 2, 'Maldives'),
(137, 3, 'Maldives'),
(137, 4, 'Maldives'),
(137, 5, 'Maldives'),
(138, 1, 'Mali'),
(138, 2, 'Mali'),
(138, 3, 'Mali'),
(138, 4, 'Mali'),
(138, 5, 'Mali'),
(139, 1, 'Malta'),
(139, 2, 'Malta'),
(139, 3, 'Malta'),
(139, 4, 'Malta'),
(139, 5, 'Malta'),
(140, 1, 'Marshall Islands'),
(140, 2, 'Marshall Islands'),
(140, 3, 'Marshall Islands'),
(140, 4, 'Marshall Islands'),
(140, 5, 'Marshall Islands'),
(141, 1, 'Martinique'),
(141, 2, 'Martinique'),
(141, 3, 'Martinique'),
(141, 4, 'Martinique'),
(141, 5, 'Martinique'),
(142, 1, 'Mauritania'),
(142, 2, 'Mauritania'),
(142, 3, 'Mauritania'),
(142, 4, 'Mauritania'),
(142, 5, 'Mauritania'),
(143, 1, 'Hungary'),
(143, 2, 'Hungary'),
(143, 3, 'Hungary'),
(143, 4, 'Hungary'),
(143, 5, 'Hungary'),
(144, 1, 'Mayotte'),
(144, 2, 'Mayotte'),
(144, 3, 'Mayotte'),
(144, 4, 'Mayotte'),
(144, 5, 'Mayotte'),
(145, 1, 'Mexico'),
(145, 2, 'Mexico'),
(145, 3, 'Mexico'),
(145, 4, 'Mexico'),
(145, 5, 'Mexico'),
(146, 1, 'Micronesia'),
(146, 2, 'Micronesia'),
(146, 3, 'Micronesia'),
(146, 4, 'Micronesia'),
(146, 5, 'Micronesia'),
(147, 1, 'Moldova'),
(147, 2, 'Moldova'),
(147, 3, 'Moldova'),
(147, 4, 'Moldova'),
(147, 5, 'Moldova'),
(148, 1, 'Monaco'),
(148, 2, 'Monaco'),
(148, 3, 'Monaco'),
(148, 4, 'Monaco'),
(148, 5, 'Monaco'),
(149, 1, 'Mongolia'),
(149, 2, 'Mongolia'),
(149, 3, 'Mongolia'),
(149, 4, 'Mongolia'),
(149, 5, 'Mongolia'),
(150, 1, 'Montenegro'),
(150, 2, 'Montenegro'),
(150, 3, 'Montenegro'),
(150, 4, 'Montenegro'),
(150, 5, 'Montenegro'),
(151, 1, 'Montserrat'),
(151, 2, 'Montserrat'),
(151, 3, 'Montserrat'),
(151, 4, 'Montserrat'),
(151, 5, 'Montserrat'),
(152, 1, 'Morocco'),
(152, 2, 'Morocco'),
(152, 3, 'Morocco'),
(152, 4, 'Morocco'),
(152, 5, 'Morocco'),
(153, 1, 'Mozambique'),
(153, 2, 'Mozambique'),
(153, 3, 'Mozambique'),
(153, 4, 'Mozambique'),
(153, 5, 'Mozambique'),
(154, 1, 'Namibia'),
(154, 2, 'Namibia'),
(154, 3, 'Namibia'),
(154, 4, 'Namibia'),
(154, 5, 'Namibia'),
(155, 1, 'Nauru'),
(155, 2, 'Nauru'),
(155, 3, 'Nauru'),
(155, 4, 'Nauru'),
(155, 5, 'Nauru'),
(156, 1, 'Nepal'),
(156, 2, 'Nepal'),
(156, 3, 'Nepal'),
(156, 4, 'Nepal'),
(156, 5, 'Nepal'),
(157, 1, 'Netherlands Antilles'),
(157, 2, 'Netherlands Antilles'),
(157, 3, 'Netherlands Antilles'),
(157, 4, 'Netherlands Antilles'),
(157, 5, 'Netherlands Antilles'),
(158, 1, 'New Caledonia'),
(158, 2, 'New Caledonia'),
(158, 3, 'New Caledonia'),
(158, 4, 'New Caledonia'),
(158, 5, 'New Caledonia'),
(159, 1, 'Nicaragua'),
(159, 2, 'Nicaragua'),
(159, 3, 'Nicaragua'),
(159, 4, 'Nicaragua'),
(159, 5, 'Nicaragua'),
(160, 1, 'Niger'),
(160, 2, 'Niger'),
(160, 3, 'Niger'),
(160, 4, 'Niger'),
(160, 5, 'Niger'),
(161, 1, 'Niue'),
(161, 2, 'Niue'),
(161, 3, 'Niue'),
(161, 4, 'Niue'),
(161, 5, 'Niue'),
(162, 1, 'Norfolk Island'),
(162, 2, 'Norfolk Island'),
(162, 3, 'Norfolk Island'),
(162, 4, 'Norfolk Island'),
(162, 5, 'Norfolk Island'),
(163, 1, 'Northern Mariana Islands'),
(163, 2, 'Northern Mariana Islands'),
(163, 3, 'Northern Mariana Islands'),
(163, 4, 'Northern Mariana Islands'),
(163, 5, 'Northern Mariana Islands'),
(164, 1, 'Oman'),
(164, 2, 'Oman'),
(164, 3, 'Oman'),
(164, 4, 'Oman'),
(164, 5, 'Oman'),
(165, 1, 'Pakistan'),
(165, 2, 'Pakistan'),
(165, 3, 'Pakistan'),
(165, 4, 'Pakistan'),
(165, 5, 'Pakistan'),
(166, 1, 'Palau'),
(166, 2, 'Palau'),
(166, 3, 'Palau'),
(166, 4, 'Palau'),
(166, 5, 'Palau'),
(167, 1, 'Palestinian Territories'),
(167, 2, 'Palestinian Territories'),
(167, 3, 'Palestinian Territories'),
(167, 4, 'Palestinian Territories'),
(167, 5, 'Palestinian Territories'),
(168, 1, 'Panama'),
(168, 2, 'Panama'),
(168, 3, 'Panama'),
(168, 4, 'Panama'),
(168, 5, 'Panama'),
(169, 1, 'Papua New Guinea'),
(169, 2, 'Papua New Guinea'),
(169, 3, 'Papua New Guinea'),
(169, 4, 'Papua New Guinea'),
(169, 5, 'Papua New Guinea'),
(170, 1, 'Paraguay'),
(170, 2, 'Paraguay'),
(170, 3, 'Paraguay'),
(170, 4, 'Paraguay'),
(170, 5, 'Paraguay'),
(171, 1, 'Peru'),
(171, 2, 'Peru'),
(171, 3, 'Peru'),
(171, 4, 'Peru'),
(171, 5, 'Peru'),
(172, 1, 'Philippines'),
(172, 2, 'Philippines'),
(172, 3, 'Philippines'),
(172, 4, 'Philippines'),
(172, 5, 'Philippines'),
(173, 1, 'Pitcairn'),
(173, 2, 'Pitcairn'),
(173, 3, 'Pitcairn'),
(173, 4, 'Pitcairn'),
(173, 5, 'Pitcairn'),
(174, 1, 'Puerto Rico'),
(174, 2, 'Puerto Rico'),
(174, 3, 'Puerto Rico'),
(174, 4, 'Puerto Rico'),
(174, 5, 'Puerto Rico'),
(175, 1, 'Qatar'),
(175, 2, 'Qatar'),
(175, 3, 'Qatar'),
(175, 4, 'Qatar'),
(175, 5, 'Qatar'),
(176, 1, 'Reunion Island'),
(176, 2, 'Reunion Island'),
(176, 3, 'Reunion Island'),
(176, 4, 'Reunion Island'),
(176, 5, 'Reunion Island'),
(177, 1, 'Russian Federation'),
(177, 2, 'Russian Federation'),
(177, 3, 'Russian Federation'),
(177, 4, 'Russian Federation'),
(177, 5, 'Russian Federation'),
(178, 1, 'Rwanda'),
(178, 2, 'Rwanda'),
(178, 3, 'Rwanda'),
(178, 4, 'Rwanda'),
(178, 5, 'Rwanda'),
(179, 1, 'Saint Barthelemy'),
(179, 2, 'Saint Barthelemy'),
(179, 3, 'Saint Barthelemy'),
(179, 4, 'Saint Barthelemy'),
(179, 5, 'Saint Barthelemy'),
(180, 1, 'Saint Kitts and Nevis'),
(180, 2, 'Saint Kitts and Nevis'),
(180, 3, 'Saint Kitts and Nevis'),
(180, 4, 'Saint Kitts and Nevis'),
(180, 5, 'Saint Kitts and Nevis'),
(181, 1, 'Saint Lucia'),
(181, 2, 'Saint Lucia'),
(181, 3, 'Saint Lucia'),
(181, 4, 'Saint Lucia'),
(181, 5, 'Saint Lucia'),
(182, 1, 'Saint Martin'),
(182, 2, 'Saint Martin'),
(182, 3, 'Saint Martin'),
(182, 4, 'Saint Martin'),
(182, 5, 'Saint Martin'),
(183, 1, 'Saint Pierre and Miquelon'),
(183, 2, 'Saint Pierre and Miquelon'),
(183, 3, 'Saint Pierre and Miquelon'),
(183, 4, 'Saint Pierre and Miquelon'),
(183, 5, 'Saint Pierre and Miquelon'),
(184, 1, 'Saint Vincent and the Grenadines'),
(184, 2, 'Saint Vincent and the Grenadines'),
(184, 3, 'Saint Vincent and the Grenadines'),
(184, 4, 'Saint Vincent and the Grenadines'),
(184, 5, 'Saint Vincent and the Grenadines'),
(185, 1, 'Samoa'),
(185, 2, 'Samoa'),
(185, 3, 'Samoa'),
(185, 4, 'Samoa'),
(185, 5, 'Samoa'),
(186, 1, 'San Marino'),
(186, 2, 'San Marino'),
(186, 3, 'San Marino'),
(186, 4, 'San Marino'),
(186, 5, 'San Marino'),
(187, 1, 'São Tomé and Príncipe'),
(187, 2, 'São Tomé and Príncipe'),
(187, 3, 'São Tomé and Príncipe'),
(187, 4, 'São Tomé and Príncipe'),
(187, 5, 'São Tomé and Príncipe'),
(188, 1, 'Saudi Arabia'),
(188, 2, 'Saudi Arabia'),
(188, 3, 'Saudi Arabia'),
(188, 4, 'Saudi Arabia'),
(188, 5, 'Saudi Arabia'),
(189, 1, 'Senegal'),
(189, 2, 'Senegal'),
(189, 3, 'Senegal'),
(189, 4, 'Senegal'),
(189, 5, 'Senegal'),
(190, 1, 'Serbia'),
(190, 2, 'Serbia'),
(190, 3, 'Serbia'),
(190, 4, 'Serbia'),
(190, 5, 'Serbia'),
(191, 1, 'Seychelles'),
(191, 2, 'Seychelles'),
(191, 3, 'Seychelles'),
(191, 4, 'Seychelles'),
(191, 5, 'Seychelles'),
(192, 1, 'Sierra Leone'),
(192, 2, 'Sierra Leone'),
(192, 3, 'Sierra Leone'),
(192, 4, 'Sierra Leone'),
(192, 5, 'Sierra Leone'),
(193, 1, 'Slovenia'),
(193, 2, 'Slovenia'),
(193, 3, 'Slovenia'),
(193, 4, 'Slovenia'),
(193, 5, 'Slovenia'),
(194, 1, 'Solomon Islands'),
(194, 2, 'Solomon Islands'),
(194, 3, 'Solomon Islands'),
(194, 4, 'Solomon Islands'),
(194, 5, 'Solomon Islands'),
(195, 1, 'Somalia'),
(195, 2, 'Somalia'),
(195, 3, 'Somalia'),
(195, 4, 'Somalia'),
(195, 5, 'Somalia'),
(196, 1, 'South Georgia and the South Sandwich Islands'),
(196, 2, 'South Georgia and the South Sandwich Islands'),
(196, 3, 'South Georgia and the South Sandwich Islands'),
(196, 4, 'South Georgia and the South Sandwich Islands'),
(196, 5, 'South Georgia and the South Sandwich Islands'),
(197, 1, 'Sri Lanka'),
(197, 2, 'Sri Lanka'),
(197, 3, 'Sri Lanka'),
(197, 4, 'Sri Lanka'),
(197, 5, 'Sri Lanka'),
(198, 1, 'Sudan'),
(198, 2, 'Sudan'),
(198, 3, 'Sudan'),
(198, 4, 'Sudan'),
(198, 5, 'Sudan'),
(199, 1, 'Suriname'),
(199, 2, 'Suriname'),
(199, 3, 'Suriname'),
(199, 4, 'Suriname'),
(199, 5, 'Suriname'),
(200, 1, 'Svalbard and Jan Mayen'),
(200, 2, 'Svalbard and Jan Mayen'),
(200, 3, 'Svalbard and Jan Mayen'),
(200, 4, 'Svalbard and Jan Mayen'),
(200, 5, 'Svalbard and Jan Mayen'),
(201, 1, 'Swaziland'),
(201, 2, 'Swaziland'),
(201, 3, 'Swaziland'),
(201, 4, 'Swaziland'),
(201, 5, 'Swaziland'),
(202, 1, 'Syria'),
(202, 2, 'Syria'),
(202, 3, 'Syria'),
(202, 4, 'Syria'),
(202, 5, 'Syria'),
(203, 1, 'Taiwan'),
(203, 2, 'Taiwan'),
(203, 3, 'Taiwan'),
(203, 4, 'Taiwan'),
(203, 5, 'Taiwan'),
(204, 1, 'Tajikistan'),
(204, 2, 'Tajikistan'),
(204, 3, 'Tajikistan'),
(204, 4, 'Tajikistan'),
(204, 5, 'Tajikistan'),
(205, 1, 'Tanzania'),
(205, 2, 'Tanzania'),
(205, 3, 'Tanzania'),
(205, 4, 'Tanzania'),
(205, 5, 'Tanzania'),
(206, 1, 'Thailand'),
(206, 2, 'Thailand'),
(206, 3, 'Thailand'),
(206, 4, 'Thailand'),
(206, 5, 'Thailand'),
(207, 1, 'Tokelau'),
(207, 2, 'Tokelau'),
(207, 3, 'Tokelau'),
(207, 4, 'Tokelau'),
(207, 5, 'Tokelau'),
(208, 1, 'Tonga'),
(208, 2, 'Tonga'),
(208, 3, 'Tonga'),
(208, 4, 'Tonga'),
(208, 5, 'Tonga'),
(209, 1, 'Trinidad and Tobago'),
(209, 2, 'Trinidad and Tobago'),
(209, 3, 'Trinidad and Tobago'),
(209, 4, 'Trinidad and Tobago'),
(209, 5, 'Trinidad and Tobago'),
(210, 1, 'Tunisia'),
(210, 2, 'Tunisia'),
(210, 3, 'Tunisia'),
(210, 4, 'Tunisia'),
(210, 5, 'Tunisia'),
(211, 1, 'Turkey'),
(211, 2, 'Turkey'),
(211, 3, 'Turkey'),
(211, 4, 'Turkey'),
(211, 5, 'Turkey'),
(212, 1, 'Turkmenistan'),
(212, 2, 'Turkmenistan'),
(212, 3, 'Turkmenistan'),
(212, 4, 'Turkmenistan'),
(212, 5, 'Turkmenistan'),
(213, 1, 'Turks and Caicos Islands'),
(213, 2, 'Turks and Caicos Islands'),
(213, 3, 'Turks and Caicos Islands'),
(213, 4, 'Turks and Caicos Islands'),
(213, 5, 'Turks and Caicos Islands'),
(214, 1, 'Tuvalu'),
(214, 2, 'Tuvalu'),
(214, 3, 'Tuvalu'),
(214, 4, 'Tuvalu'),
(214, 5, 'Tuvalu'),
(215, 1, 'Uganda'),
(215, 2, 'Uganda'),
(215, 3, 'Uganda'),
(215, 4, 'Uganda'),
(215, 5, 'Uganda'),
(216, 1, 'Ukraine'),
(216, 2, 'Ukraine'),
(216, 3, 'Ukraine'),
(216, 4, 'Ukraine'),
(216, 5, 'Ukraine'),
(217, 1, 'United Arab Emirates'),
(217, 2, 'United Arab Emirates'),
(217, 3, 'United Arab Emirates'),
(217, 4, 'United Arab Emirates'),
(217, 5, 'United Arab Emirates'),
(218, 1, 'Uruguay'),
(218, 2, 'Uruguay'),
(218, 3, 'Uruguay'),
(218, 4, 'Uruguay'),
(218, 5, 'Uruguay'),
(219, 1, 'Uzbekistan'),
(219, 2, 'Uzbekistan'),
(219, 3, 'Uzbekistan'),
(219, 4, 'Uzbekistan'),
(219, 5, 'Uzbekistan'),
(220, 1, 'Vanuatu'),
(220, 2, 'Vanuatu'),
(220, 3, 'Vanuatu'),
(220, 4, 'Vanuatu'),
(220, 5, 'Vanuatu'),
(221, 1, 'Venezuela'),
(221, 2, 'Venezuela'),
(221, 3, 'Venezuela'),
(221, 4, 'Venezuela'),
(221, 5, 'Venezuela'),
(222, 1, 'Vietnam'),
(222, 2, 'Vietnam'),
(222, 3, 'Vietnam'),
(222, 4, 'Vietnam'),
(222, 5, 'Vietnam'),
(223, 1, 'Virgin Islands (British)'),
(223, 2, 'Virgin Islands (British)'),
(223, 3, 'Virgin Islands (British)'),
(223, 4, 'Virgin Islands (British)'),
(223, 5, 'Virgin Islands (British)'),
(224, 1, 'Virgin Islands (U.S.)'),
(224, 2, 'Virgin Islands (U.S.)'),
(224, 3, 'Virgin Islands (U.S.)'),
(224, 4, 'Virgin Islands (U.S.)'),
(224, 5, 'Virgin Islands (U.S.)'),
(225, 1, 'Wallis and Futuna'),
(225, 2, 'Wallis and Futuna'),
(225, 3, 'Wallis and Futuna'),
(225, 4, 'Wallis and Futuna'),
(225, 5, 'Wallis and Futuna'),
(226, 1, 'Western Sahara'),
(226, 2, 'Western Sahara'),
(226, 3, 'Western Sahara'),
(226, 4, 'Western Sahara'),
(226, 5, 'Western Sahara'),
(227, 1, 'Yemen'),
(227, 2, 'Yemen'),
(227, 3, 'Yemen'),
(227, 4, 'Yemen'),
(227, 5, 'Yemen'),
(228, 1, 'Zambia'),
(228, 2, 'Zambia'),
(228, 3, 'Zambia'),
(228, 4, 'Zambia'),
(228, 5, 'Zambia'),
(229, 1, 'Zimbabwe'),
(229, 2, 'Zimbabwe'),
(229, 3, 'Zimbabwe'),
(229, 4, 'Zimbabwe'),
(229, 5, 'Zimbabwe'),
(230, 1, 'Albania'),
(230, 2, 'Albania'),
(230, 3, 'Albania'),
(230, 4, 'Albania'),
(230, 5, 'Albania'),
(231, 1, 'Afghanistan'),
(231, 2, 'Afghanistan'),
(231, 3, 'Afghanistan'),
(231, 4, 'Afghanistan'),
(231, 5, 'Afghanistan'),
(232, 1, 'Antarctica'),
(232, 2, 'Antarctica'),
(232, 3, 'Antarctica'),
(232, 4, 'Antarctica'),
(232, 5, 'Antarctica'),
(233, 1, 'Bosnia and Herzegovina'),
(233, 2, 'Bosnia and Herzegovina'),
(233, 3, 'Bosnia and Herzegovina'),
(233, 4, 'Bosnia and Herzegovina'),
(233, 5, 'Bosnia and Herzegovina'),
(234, 1, 'Bouvet Island'),
(234, 2, 'Bouvet Island'),
(234, 3, 'Bouvet Island'),
(234, 4, 'Bouvet Island'),
(234, 5, 'Bouvet Island'),
(235, 1, 'British Indian Ocean Territory'),
(235, 2, 'British Indian Ocean Territory'),
(235, 3, 'British Indian Ocean Territory'),
(235, 4, 'British Indian Ocean Territory'),
(235, 5, 'British Indian Ocean Territory'),
(236, 1, 'Bulgaria'),
(236, 2, 'Bulgaria'),
(236, 3, 'Bulgaria'),
(236, 4, 'Bulgaria'),
(236, 5, 'Bulgaria'),
(237, 1, 'Cayman Islands'),
(237, 2, 'Cayman Islands'),
(237, 3, 'Cayman Islands'),
(237, 4, 'Cayman Islands'),
(237, 5, 'Cayman Islands'),
(238, 1, 'Christmas Island'),
(238, 2, 'Christmas Island'),
(238, 3, 'Christmas Island'),
(238, 4, 'Christmas Island'),
(238, 5, 'Christmas Island'),
(239, 1, 'Cocos (Keeling) Islands'),
(239, 2, 'Cocos (Keeling) Islands'),
(239, 3, 'Cocos (Keeling) Islands'),
(239, 4, 'Cocos (Keeling) Islands'),
(239, 5, 'Cocos (Keeling) Islands'),
(240, 1, 'Cook Islands'),
(240, 2, 'Cook Islands'),
(240, 3, 'Cook Islands'),
(240, 4, 'Cook Islands'),
(240, 5, 'Cook Islands'),
(241, 1, 'French Guiana'),
(241, 2, 'French Guiana'),
(241, 3, 'French Guiana'),
(241, 4, 'French Guiana'),
(241, 5, 'French Guiana'),
(242, 1, 'French Polynesia'),
(242, 2, 'French Polynesia'),
(242, 3, 'French Polynesia'),
(242, 4, 'French Polynesia'),
(242, 5, 'French Polynesia'),
(243, 1, 'French Southern Territories'),
(243, 2, 'French Southern Territories'),
(243, 3, 'French Southern Territories'),
(243, 4, 'French Southern Territories'),
(243, 5, 'French Southern Territories'),
(244, 1, 'Åland Islands'),
(244, 2, 'Åland Islands'),
(244, 3, 'Åland Islands'),
(244, 4, 'Åland Islands'),
(244, 5, 'Åland Islands');



DROP TABLE IF EXISTS state;
CREATE TABLE IF NOT EXISTS state (
  id_state integer NOT NULL,
  id_country integer NOT NULL,
  id_zone integer NOT NULL,
  name varchar(64) NOT NULL,
  iso_code varchar(7) NOT NULL,
  tax_behavior integer NOT NULL DEFAULT '0',
  active boolean NOT NULL DEFAULT false,
  PRIMARY KEY (id_state)
);
/*
  KEY id_country (id_country),
  KEY name (name),
  KEY id_zone (id_zone)
 */
INSERT INTO state (id_state, id_country, id_zone, name, iso_code, tax_behavior, active) VALUES
(1, 21, 2, 'AA', 'AA', 0, true),
(2, 21, 2, 'AE', 'AE', 0, true),
(3, 21, 2, 'AP', 'AP', 0, true),
(4, 21, 2, 'Alabama', 'AL', 0, true),
(5, 21, 2, 'Alaska', 'AK', 0, true),
(6, 21, 2, 'Arizona', 'AZ', 0, true),
(7, 21, 2, 'Arkansas', 'AR', 0, true),
(8, 21, 2, 'California', 'CA', 0, true),
(9, 21, 2, 'Colorado', 'CO', 0, true),
(10, 21, 2, 'Connecticut', 'CT', 0, true),
(11, 21, 2, 'Delaware', 'DE', 0, true),
(12, 21, 2, 'Florida', 'FL', 0, true),
(13, 21, 2, 'Georgia', 'GA', 0, true),
(14, 21, 2, 'Hawaii', 'HI', 0, true),
(15, 21, 2, 'Idaho', 'ID', 0, true),
(16, 21, 2, 'Illinois', 'IL', 0, true),
(17, 21, 2, 'Indiana', 'IN', 0, true),
(18, 21, 2, 'Iowa', 'IA', 0, true),
(19, 21, 2, 'Kansas', 'KS', 0, true),
(20, 21, 2, 'Kentucky', 'KY', 0, true),
(21, 21, 2, 'Louisiana', 'LA', 0, true),
(22, 21, 2, 'Maine', 'ME', 0, true),
(23, 21, 2, 'Maryland', 'MD', 0, true),
(24, 21, 2, 'Massachusetts', 'MA', 0, true),
(25, 21, 2, 'Michigan', 'MI', 0, true),
(26, 21, 2, 'Minnesota', 'MN', 0, true),
(27, 21, 2, 'Mississippi', 'MS', 0, true),
(28, 21, 2, 'Missouri', 'MO', 0, true),
(29, 21, 2, 'Montana', 'MT', 0, true),
(30, 21, 2, 'Nebraska', 'NE', 0, true),
(31, 21, 2, 'Nevada', 'NV', 0, true),
(32, 21, 2, 'New Hampshire', 'NH', 0, true),
(33, 21, 2, 'New Jersey', 'NJ', 0, true),
(34, 21, 2, 'New Mexico', 'NM', 0, true),
(35, 21, 2, 'New York', 'NY', 0, true),
(36, 21, 2, 'North Carolina', 'NC', 0, true),
(37, 21, 2, 'North Dakota', 'ND', 0, true),
(38, 21, 2, 'Ohio', 'OH', 0, true),
(39, 21, 2, 'Oklahoma', 'OK', 0, true),
(40, 21, 2, 'Oregon', 'OR', 0, true),
(41, 21, 2, 'Pennsylvania', 'PA', 0, true),
(42, 21, 2, 'Rhode Island', 'RI', 0, true),
(43, 21, 2, 'South Carolina', 'SC', 0, true),
(44, 21, 2, 'South Dakota', 'SD', 0, true),
(45, 21, 2, 'Tennessee', 'TN', 0, true),
(46, 21, 2, 'Texas', 'TX', 0, true),
(47, 21, 2, 'Utah', 'UT', 0, true),
(48, 21, 2, 'Vermont', 'VT', 0, true),
(49, 21, 2, 'Virginia', 'VA', 0, true),
(50, 21, 2, 'Washington', 'WA', 0, true),
(51, 21, 2, 'West Virginia', 'WV', 0, true),
(52, 21, 2, 'Wisconsin', 'WI', 0, true),
(53, 21, 2, 'Wyoming', 'WY', 0, true),
(54, 21, 2, 'Puerto Rico', 'PR', 0, true),
(55, 21, 2, 'US Virgin Islands', 'VI', 0, true),
(56, 21, 2, 'District of Columbia', 'DC', 0, true),
(57, 145, 2, 'Aguascalientes', 'AGS', 0, true),
(58, 145, 2, 'Baja California', 'BCN', 0, true),
(59, 145, 2, 'Baja California Sur', 'BCS', 0, true),
(60, 145, 2, 'Campeche', 'CAM', 0, true),
(61, 145, 2, 'Chiapas', 'CHP', 0, true),
(62, 145, 2, 'Chihuahua', 'CHH', 0, true),
(63, 145, 2, 'Coahuila', 'COA', 0, true),
(64, 145, 2, 'Colima', 'COL', 0, true),
(65, 145, 2, 'Distrito Federal', 'DIF', 0, true),
(66, 145, 2, 'Durango', 'DUR', 0, true),
(67, 145, 2, 'Guanajuato', 'GUA', 0, true),
(68, 145, 2, 'Guerrero', 'GRO', 0, true),
(69, 145, 2, 'Hidalgo', 'HID', 0, true),
(70, 145, 2, 'Jalisco', 'JAL', 0, true),
(71, 145, 2, 'Estado de México', 'MEX', 0, true),
(72, 145, 2, 'Michoacán', 'MIC', 0, true),
(73, 145, 2, 'Morelos', 'MOR', 0, true),
(74, 145, 2, 'Nayarit', 'NAY', 0, true),
(75, 145, 2, 'Nuevo León', 'NLE', 0, true),
(76, 145, 2, 'Oaxaca', 'OAX', 0, true),
(77, 145, 2, 'Puebla', 'PUE', 0, true),
(78, 145, 2, 'Querétaro', 'QUE', 0, true),
(79, 145, 2, 'Quintana Roo', 'ROO', 0, true),
(80, 145, 2, 'San Luis Potosí', 'SLP', 0, true),
(81, 145, 2, 'Sinaloa', 'SIN', 0, true),
(82, 145, 2, 'Sonora', 'SON', 0, true),
(83, 145, 2, 'Tabasco', 'TAB', 0, true),
(84, 145, 2, 'Tamaulipas', 'TAM', 0, true),
(85, 145, 2, 'Tlaxcala', 'TLA', 0, true),
(86, 145, 2, 'Veracruz', 'VER', 0, true),
(87, 145, 2, 'Yucatán', 'YUC', 0, true),
(88, 145, 2, 'Zacatecas', 'ZAC', 0, true),
(89, 4, 2, 'Ontario', 'ON', 0, true),
(90, 4, 2, 'Quebec', 'QC', 0, true),
(91, 4, 2, 'British Columbia', 'BC', 0, true),
(92, 4, 2, 'Alberta', 'AB', 0, true),
(93, 4, 2, 'Manitoba', 'MB', 0, true),
(94, 4, 2, 'Saskatchewan', 'SK', 0, true),
(95, 4, 2, 'Nova Scotia', 'NS', 0, true),
(96, 4, 2, 'New Brunswick', 'NB', 0, true),
(97, 4, 2, 'Newfoundland and Labrador', 'NL', 0, true),
(98, 4, 2, 'Prince Edward Island', 'PE', 0, true),
(99, 4, 2, 'Northwest Territories', 'NT', 0, true),
(100, 4, 2, 'Yukon', 'YT', 0, true),
(101, 4, 2, 'Nunavut', 'NU', 0, true),
(102, 44, 6, 'Buenos Aires', 'B', 0, true),
(103, 44, 6, 'Catamarca', 'K', 0, true),
(104, 44, 6, 'Chaco', 'H', 0, true),
(105, 44, 6, 'Chubut', 'U', 0, true),
(106, 44, 6, 'Ciudad de Buenos Aires', 'C', 0, true),
(107, 44, 6, 'Córdoba', 'X', 0, true),
(108, 44, 6, 'Corrientes', 'W', 0, true),
(109, 44, 6, 'Entre Ríos', 'E', 0, true),
(110, 44, 6, 'Formosa', 'P', 0, true),
(111, 44, 6, 'Jujuy', 'Y', 0, true),
(112, 44, 6, 'La Pampa', 'L', 0, true),
(113, 44, 6, 'La Rioja', 'F', 0, true),
(114, 44, 6, 'Mendoza', 'M', 0, true),
(115, 44, 6, 'Misiones', 'N', 0, true),
(116, 44, 6, 'Neuquén', 'Q', 0, true),
(117, 44, 6, 'Río Negro', 'R', 0, true),
(118, 44, 6, 'Salta', 'A', 0, true),
(119, 44, 6, 'San Juan', 'J', 0, true),
(120, 44, 6, 'San Luis', 'D', 0, true),
(121, 44, 6, 'Santa Cruz', 'Z', 0, true),
(122, 44, 6, 'Santa Fe', 'S', 0, true),
(123, 44, 6, 'Santiago del Estero', 'G', 0, true),
(124, 44, 6, 'Tierra del Fuego', 'V', 0, true),
(125, 44, 6, 'Tucumán', 'T', 0, true),
(126, 10, 1, 'Agrigento', 'AG', 0, true),
(127, 10, 1, 'Alessandria', 'AL', 0, true),
(128, 10, 1, 'Ancona', 'AN', 0, true),
(129, 10, 1, 'Aosta', 'AO', 0, true),
(130, 10, 1, 'Arezzo', 'AR', 0, true),
(131, 10, 1, 'Ascoli Piceno', 'AP', 0, true),
(132, 10, 1, 'Asti', 'AT', 0, true),
(133, 10, 1, 'Avellino', 'AV', 0, true),
(134, 10, 1, 'Bari', 'BA', 0, true),
(135, 10, 1, 'Barletta-Andria-Trani', 'BT', 0, true),
(136, 10, 1, 'Belluno', 'BL', 0, true),
(137, 10, 1, 'Benevento', 'BN', 0, true),
(138, 10, 1, 'Bergamo', 'BG', 0, true),
(139, 10, 1, 'Biella', 'BI', 0, true),
(140, 10, 1, 'Bologna', 'BO', 0, true),
(141, 10, 1, 'Bolzano', 'BZ', 0, true),
(142, 10, 1, 'Brescia', 'BS', 0, true),
(143, 10, 1, 'Brindisi', 'BR', 0, true),
(144, 10, 1, 'Cagliari', 'CA', 0, true),
(145, 10, 1, 'Caltanissetta', 'CL', 0, true),
(146, 10, 1, 'Campobasso', 'CB', 0, true),
(147, 10, 1, 'Carbonia-Iglesias', 'CI', 0, true),
(148, 10, 1, 'Caserta', 'CE', 0, true),
(149, 10, 1, 'Catania', 'CT', 0, true),
(150, 10, 1, 'Catanzaro', 'CZ', 0, true),
(151, 10, 1, 'Chieti', 'CH', 0, true),
(152, 10, 1, 'Como', 'CO', 0, true),
(153, 10, 1, 'Cosenza', 'CS', 0, true),
(154, 10, 1, 'Cremona', 'CR', 0, true),
(155, 10, 1, 'Crotone', 'KR', 0, true),
(156, 10, 1, 'Cuneo', 'CN', 0, true),
(157, 10, 1, 'Enna', 'EN', 0, true),
(158, 10, 1, 'Fermo', 'FM', 0, true),
(159, 10, 1, 'Ferrara', 'FE', 0, true),
(160, 10, 1, 'Firenze', 'FI', 0, true),
(161, 10, 1, 'Foggia', 'FG', 0, true),
(162, 10, 1, 'Forlì-Cesena', 'FC', 0, true),
(163, 10, 1, 'Frosinone', 'FR', 0, true),
(164, 10, 1, 'Genova', 'GE', 0, true),
(165, 10, 1, 'Gorizia', 'GO', 0, true),
(166, 10, 1, 'Grosseto', 'GR', 0, true),
(167, 10, 1, 'Imperia', 'IM', 0, true),
(168, 10, 1, 'Isernia', 'IS', 0, true),
(169, 10, 1, 'L''Aquila', 'AQ', 0, true),
(170, 10, 1, 'La Spezia', 'SP', 0, true),
(171, 10, 1, 'Latina', 'LT', 0, true),
(172, 10, 1, 'Lecce', 'LE', 0, true),
(173, 10, 1, 'Lecco', 'LC', 0, true),
(174, 10, 1, 'Livorno', 'LI', 0, true),
(175, 10, 1, 'Lodi', 'LO', 0, true),
(176, 10, 1, 'Lucca', 'LU', 0, true),
(177, 10, 1, 'Macerata', 'MC', 0, true),
(178, 10, 1, 'Mantova', 'MN', 0, true),
(179, 10, 1, 'Massa', 'MS', 0, true),
(180, 10, 1, 'Matera', 'MT', 0, true),
(181, 10, 1, 'Medio Campidano', 'VS', 0, true),
(182, 10, 1, 'Messina', 'ME', 0, true),
(183, 10, 1, 'Milano', 'MI', 0, true),
(184, 10, 1, 'Modena', 'MO', 0, true),
(185, 10, 1, 'Monza e della Brianza', 'MB', 0, true),
(186, 10, 1, 'Napoli', 'NA', 0, true),
(187, 10, 1, 'Novara', 'NO', 0, true),
(188, 10, 1, 'Nuoro', 'NU', 0, true),
(189, 10, 1, 'Ogliastra', 'OG', 0, true),
(190, 10, 1, 'Olbia-Tempio', 'OT', 0, true),
(191, 10, 1, 'Oristano', 'OR', 0, true),
(192, 10, 1, 'Padova', 'PD', 0, true),
(193, 10, 1, 'Palermo', 'PA', 0, true),
(194, 10, 1, 'Parma', 'PR', 0, true),
(195, 10, 1, 'Pavia', 'PV', 0, true),
(196, 10, 1, 'Perugia', 'PG', 0, true),
(197, 10, 1, 'Pesaro-Urbino', 'PU', 0, true),
(198, 10, 1, 'Pescara', 'PE', 0, true),
(199, 10, 1, 'Piacenza', 'PC', 0, true),
(200, 10, 1, 'Pisa', 'PI', 0, true),
(201, 10, 1, 'Pistoia', 'PT', 0, true),
(202, 10, 1, 'Pordenone', 'PN', 0, true),
(203, 10, 1, 'Potenza', 'PZ', 0, true),
(204, 10, 1, 'Prato', 'PO', 0, true),
(205, 10, 1, 'Ragusa', 'RG', 0, true),
(206, 10, 1, 'Ravenna', 'RA', 0, true),
(207, 10, 1, 'Reggio Calabria', 'RC', 0, true),
(208, 10, 1, 'Reggio Emilia', 'RE', 0, true),
(209, 10, 1, 'Rieti', 'RI', 0, true),
(210, 10, 1, 'Rimini', 'RN', 0, true),
(211, 10, 1, 'Roma', 'RM', 0, true),
(212, 10, 1, 'Rovigo', 'RO', 0, true),
(213, 10, 1, 'Salerno', 'SA', 0, true),
(214, 10, 1, 'Sassari', 'SS', 0, true),
(215, 10, 1, 'Savona', 'SV', 0, true),
(216, 10, 1, 'Siena', 'SI', 0, true),
(217, 10, 1, 'Siracusa', 'SR', 0, true),
(218, 10, 1, 'Sondrio', 'SO', 0, true),
(219, 10, 1, 'Taranto', 'TA', 0, true),
(220, 10, 1, 'Teramo', 'TE', 0, true),
(221, 10, 1, 'Terni', 'TR', 0, true),
(222, 10, 1, 'Torino', 'TO', 0, true),
(223, 10, 1, 'Trapani', 'TP', 0, true),
(224, 10, 1, 'Trento', 'TN', 0, true),
(225, 10, 1, 'Treviso', 'TV', 0, true),
(226, 10, 1, 'Trieste', 'TS', 0, true),
(227, 10, 1, 'Udine', 'UD', 0, true),
(228, 10, 1, 'Varese', 'VA', 0, true),
(229, 10, 1, 'Venezia', 'VE', 0, true),
(230, 10, 1, 'Verbano-Cusio-Ossola', 'VB', 0, true),
(231, 10, 1, 'Vercelli', 'VC', 0, true),
(232, 10, 1, 'Verona', 'VR', 0, true),
(233, 10, 1, 'Vibo Valentia', 'VV', 0, true),
(234, 10, 1, 'Vicenza', 'VI', 0, true),
(235, 10, 1, 'Viterbo', 'VT', 0, true),
(236, 111, 3, 'Aceh', 'AC', 0, true),
(237, 111, 3, 'Bali', 'BA', 0, true),
(238, 111, 3, 'Bangka', 'BB', 0, true),
(239, 111, 3, 'Banten', 'BT', 0, true),
(240, 111, 3, 'Bengkulu', 'BE', 0, true),
(241, 111, 3, 'Central Java', 'JT', 0, true),
(242, 111, 3, 'Central Kalimantan', 'KT', 0, true),
(243, 111, 3, 'Central Sulawesi', 'ST', 0, true),
(244, 111, 3, 'Coat of arms of East Java', 'JI', 0, true),
(245, 111, 3, 'East kalimantan', 'KI', 0, true),
(246, 111, 3, 'East Nusa Tenggara', 'NT', 0, true),
(247, 111, 3, 'Lambang propinsi', 'GO', 0, true),
(248, 111, 3, 'Jakarta', 'JK', 0, true),
(249, 111, 3, 'Jambi', 'JA', 0, true),
(250, 111, 3, 'Lampung', 'LA', 0, true),
(251, 111, 3, 'Maluku', 'MA', 0, true),
(252, 111, 3, 'North Maluku', 'MU', 0, true),
(253, 111, 3, 'North Sulawesi', 'SA', 0, true),
(254, 111, 3, 'North Sumatra', 'SU', 0, true),
(255, 111, 3, 'Papua', 'PA', 0, true),
(256, 111, 3, 'Riau', 'RI', 0, true),
(257, 111, 3, 'Lambang Riau', 'KR', 0, true),
(258, 111, 3, 'Southeast Sulawesi', 'SG', 0, true),
(259, 111, 3, 'South Kalimantan', 'KS', 0, true),
(260, 111, 3, 'South Sulawesi', 'SN', 0, true),
(261, 111, 3, 'South Sumatra', 'SS', 0, true),
(262, 111, 3, 'West Java', 'JB', 0, true),
(263, 111, 3, 'West Kalimantan', 'KB', 0, true),
(264, 111, 3, 'West Nusa Tenggara', 'NB', 0, true),
(265, 111, 3, 'Lambang Provinsi Papua Barat', 'PB', 0, true),
(266, 111, 3, 'West Sulawesi', 'SR', 0, true),
(267, 111, 3, 'West Sumatra', 'SB', 0, true),
(268, 111, 3, 'Yogyakarta', 'YO', 0, true),
(269, 11, 3, 'Aichi', '23', 0, true),
(270, 11, 3, 'Akita', '05', 0, true),
(271, 11, 3, 'Aomori', '02', 0, true),
(272, 11, 3, 'Chiba', '12', 0, true),
(273, 11, 3, 'Ehime', '38', 0, true),
(274, 11, 3, 'Fukui', '18', 0, true),
(275, 11, 3, 'Fukuoka', '40', 0, true),
(276, 11, 3, 'Fukushima', '07', 0, true),
(277, 11, 3, 'Gifu', '21', 0, true),
(278, 11, 3, 'Gunma', '10', 0, true),
(279, 11, 3, 'Hiroshima', '34', 0, true),
(280, 11, 3, 'Hokkaido', '01', 0, true),
(281, 11, 3, 'Hyogo', '28', 0, true),
(282, 11, 3, 'Ibaraki', '08', 0, true),
(283, 11, 3, 'Ishikawa', '17', 0, true),
(284, 11, 3, 'Iwate', '03', 0, true),
(285, 11, 3, 'Kagawa', '37', 0, true),
(286, 11, 3, 'Kagoshima', '46', 0, true),
(287, 11, 3, 'Kanagawa', '14', 0, true),
(288, 11, 3, 'Kochi', '39', 0, true),
(289, 11, 3, 'Kumamoto', '43', 0, true),
(290, 11, 3, 'Kyoto', '26', 0, true),
(291, 11, 3, 'Mie', '24', 0, true),
(292, 11, 3, 'Miyagi', '04', 0, true),
(293, 11, 3, 'Miyazaki', '45', 0, true),
(294, 11, 3, 'Nagano', '20', 0, true),
(295, 11, 3, 'Nagasaki', '42', 0, true),
(296, 11, 3, 'Nara', '29', 0, true),
(297, 11, 3, 'Niigata', '15', 0, true),
(298, 11, 3, 'Oita', '44', 0, true),
(299, 11, 3, 'Okayama', '33', 0, true),
(300, 11, 3, 'Okinawa', '47', 0, true),
(301, 11, 3, 'Osaka', '27', 0, true),
(302, 11, 3, 'Saga', '41', 0, true),
(303, 11, 3, 'Saitama', '11', 0, true),
(304, 11, 3, 'Shiga', '25', 0, true),
(305, 11, 3, 'Shimane', '32', 0, true),
(306, 11, 3, 'Shizuoka', '22', 0, true),
(307, 11, 3, 'Tochigi', '09', 0, true),
(308, 11, 3, 'Tokushima', '36', 0, true),
(309, 11, 3, 'Tokyo', '13', 0, true),
(310, 11, 3, 'Tottori', '31', 0, true),
(311, 11, 3, 'Toyama', '16', 0, true),
(312, 11, 3, 'Wakayama', '30', 0, true),
(313, 11, 3, 'Yamagata', '06', 0, true),
(314, 11, 3, 'Yamaguchi', '35', 0, true),
(315, 11, 3, 'Yamanashi', '19', 0, true);
CREATE SEQUENCE state_id_state_seq;
ALTER TABLE state ALTER COLUMN id_state SET DEFAULT nextval('state_id_state_seq');
ALTER SEQUENCE state_id_state_seq OWNED BY "state"."id_state";

DROP TABLE IF EXISTS state_lang;
CREATE TABLE IF NOT EXISTS state_lang (
id_state integer NOT NULL,
id_lang integer NOT NULL,
name varchar(64) NOT NULL,
PRIMARY KEY (id_state,id_lang)
);
INSERT INTO state_lang (id_state, id_lang, name) VALUES
(35, 1, 'New York'),
(35, 2, 'New York'),
(35, 3, 'New York'),
(35, 4, 'New York'),
(35, 5, 'New York');



DROP TABLE IF EXISTS city;
CREATE TABLE IF NOT EXISTS city (
id_city integer NOT NULL,
id_country integer NOT NULL,
id_state integer,
deleted boolean NOT NULL DEFAULT false,
active boolean NOT NULL DEFAULT true,
PRIMARY KEY (id_city)
) ;
INSERT INTO city (id_city, id_country, id_state, deleted, active) VALUES
(1, 8, 0, false, true),
(2, 177, 0, false, true),
(3, 216, 0, false, true);
CREATE SEQUENCE city_id_city_seq;
ALTER TABLE city ALTER COLUMN id_city SET DEFAULT nextval('city_id_city_seq');
ALTER SEQUENCE city_id_city_seq OWNED BY "city"."id_city";

DROP TABLE IF EXISTS city_lang;
CREATE TABLE IF NOT EXISTS city_lang (
id_city integer NOT NULL,
id_lang integer NOT NULL,
name varchar(64) NOT NULL,
symbol varchar(5) NOT NULL,
PRIMARY KEY (id_city,id_lang)
);
INSERT INTO city_lang (id_city, id_lang, name, symbol) VALUES
(1, 1, 'Paris', ''),
(1, 2, 'Paris', ''),
(1, 3, 'Paris', ''),
(1, 4, 'Paris', ''),
(1, 5, 'Paris', ''),
(2, 1, 'Moscow', 'ms'),
(2, 2, 'Moscow', 'ms'),
(2, 3, 'Moscow', 'ms'),
(2, 4, 'Moscow', 'ms'),
(2, 5, 'Moscow', 'ms'),
(3, 1, 'Odessa', 'od'),
(3, 2, 'Odessa', 'od'),
(3, 3, 'Odessa', 'od'),
(3, 4, 'Odessa', 'od'),
(3, 5, 'Odessa', 'od');



DROP TABLE IF EXISTS microdistrict;
CREATE TABLE IF NOT EXISTS microdistrict (
id_microdistrict integer NOT NULL,
id_city integer NOT NULL,
deleted boolean NOT NULL DEFAULT false,
active boolean NOT NULL DEFAULT true,
PRIMARY KEY (id_microdistrict)
) ;
INSERT INTO microdistrict (id_microdistrict, id_city, deleted, active) VALUES
(1, 3, false, true),
(2, 3, false, true),
(3, 3, false, true);
CREATE SEQUENCE microdistrict_id_microdistrict_seq;
ALTER TABLE microdistrict ALTER COLUMN id_microdistrict SET DEFAULT nextval('microdistrict_id_microdistrict_seq');
ALTER SEQUENCE microdistrict_id_microdistrict_seq OWNED BY "microdistrict"."id_microdistrict";

DROP TABLE IF EXISTS microdistrict_lang;
CREATE TABLE IF NOT EXISTS microdistrict_lang (
id_microdistrict integer NOT NULL,
id_lang integer NOT NULL,
name varchar(60) NOT NULL,
PRIMARY KEY (id_microdistrict,id_lang)
);
INSERT INTO microdistrict_lang (id_microdistrict, id_lang, name) VALUES
(1, 1, 'Seaside'),
(1, 2, 'Seaside'),
(1, 3, 'Приморский'),
(1, 4, 'Seaside'),
(1, 5, 'Seaside'),
(2, 1, 'Moldavanka'),
(2, 2, 'Moldavanka'),
(2, 3, 'Молдаванка'),
(2, 4, 'Moldavanka'),
(2, 5, 'Moldavanka'),
(3, 1, 'Peresyp'),
(3, 2, 'Peresyp'),
(3, 3, 'Пересыпь'),
(3, 4, 'Peresyp'),
(3, 5, 'Peresyp');



DROP TABLE IF EXISTS street;
CREATE TABLE IF NOT EXISTS street (
id_street integer NOT NULL,
id_city integer NOT NULL,
id_microdistrict integer,
deleted boolean NOT NULL DEFAULT false,
active boolean NOT NULL DEFAULT true,
PRIMARY KEY (id_street)
) ;
INSERT INTO street (id_street, id_city, id_microdistrict, deleted, active) VALUES
(1, 3, 1, false, true),
(2, 3, 1, false, true),
(3, 3, 1, false, true);
CREATE SEQUENCE street_id_street_seq;
ALTER TABLE street ALTER COLUMN id_street SET DEFAULT nextval('street_id_street_seq');
ALTER SEQUENCE street_id_street_seq OWNED BY "street"."id_street";

DROP TABLE IF EXISTS street_lang;
CREATE TABLE IF NOT EXISTS street_lang (
id_street integer NOT NULL,
id_lang integer NOT NULL,
name varchar(64) NOT NULL,
PRIMARY KEY (id_street,id_lang)
);
INSERT INTO street_lang (id_street, id_lang, name) VALUES
(1, 1, 'Derybasovskaia'),
(1, 2, 'Derybasovskaia'),
(1, 3, 'Дерибасовская'),
(1, 4, 'Derybasovskaia'),
(1, 5, 'Derybasovskaia'),
(2, 1, 'Nezhynskaia'),
(2, 2, 'Nezhynskaia'),
(2, 3, 'Нежинская'),
(2, 4, 'Nezhynskaia'),
(2, 5, 'Nezhynskaia'),
(3, 1, 'Uspenskaia'),
(3, 2, 'Uspenskaia'),
(3, 3, 'Успенская'),
(3, 4, 'Uspenskaia'),
(3, 5, 'Uspenskaia');



DROP TABLE IF EXISTS address;
CREATE TABLE IF NOT EXISTS address (
id_address integer NOT NULL,
id_city integer DEFAULT NULL,
id_street integer NOT NULL,
identifier varchar(64) NOT NULL,
id_location bigint,
active boolean NOT NULL DEFAULT true,
deleted boolean NOT NULL DEFAULT false
) ;
INSERT INTO address (id_address, id_city, id_street, identifier, id_location, active, deleted) VALUES
(1, 3, 1, '1', 1,  true, false),
(2, 3, 2, '2', 2,  true, false),
(3, 3, 3, '3', 3,  true, false);
CREATE SEQUENCE address_id_address_seq;
ALTER TABLE address ALTER COLUMN id_address SET DEFAULT nextval('address_id_address_seq');
ALTER SEQUENCE address_id_address_seq OWNED BY "address"."id_address";

DROP TABLE IF EXISTS address_lang;
CREATE TABLE IF NOT EXISTS address_lang (
id_address integer NOT NULL,
id_lang integer NOT NULL,
name varchar(64) NOT NULL,
PRIMARY KEY (id_address,id_lang)
);
INSERT INTO address_lang (id_address, id_lang, name) VALUES
(1, 1, 'str. Derybasovskaia, 1'),
(1, 2, 'str. Derybasovskaia, 1'),
(1, 3, 'ул. Дерибасовская, дом 1'),
(1, 4, 'str. Derybasovskaia, 1'),
(1, 5, 'str. Derybasovskaia, 1'),
(2, 1, 'str. Nezhynskaia, 2'),
(2, 2, 'str. Nezhynskaia, 2'),
(2, 3, 'ул. Нежинская, дом 2'),
(2, 4, 'str. Nezhynskaia, 2'),
(2, 5, 'str. Nezhynskaia, 2'),
(3, 1, 'str. Uspenskaia, 3'),
(3, 2, 'str. Uspenskaia, 3'),
(3, 3, 'ул. Успенская, дом 3'),
(3, 4, 'str. Uspenskaia, 3'),
(3, 5, 'str. Uspenskaia, 3');


DROP TABLE IF EXISTS reo;
CREATE TABLE IF NOT EXISTS reo (
id_reo integer NOT NULL,
id_address integer DEFAULT NULL,
id_type integer NOT NULL,
active boolean NOT NULL DEFAULT true,
deleted boolean NOT NULL DEFAULT false
) ;
INSERT INTO reo (id_reo, id_address, id_type, active, deleted) VALUES
(1, 1, 1, true, false),
(2, 2, 1, true, false),
(3, 3, 1, true, false);
CREATE SEQUENCE reo_id_reo_seq;
ALTER TABLE reo ALTER COLUMN id_reo SET DEFAULT nextval('reo_id_reo_seq');
ALTER SEQUENCE reo_id_reo_seq OWNED BY "reo"."id_reo";


DROP TABLE IF EXISTS reo_type;
CREATE TABLE IF NOT EXISTS reo_type (
id_type integer NOT NULL,
active boolean NOT NULL DEFAULT true,
deleted boolean NOT NULL DEFAULT false
) ;
INSERT INTO reo_type (id_type, active, deleted) VALUES
(1, true, false),
(2, true, false),
(3, true, false);
CREATE SEQUENCE reo_type_id_type_seq;
ALTER TABLE reo_type ALTER COLUMN id_type SET DEFAULT nextval('reo_type_id_type_seq');
ALTER SEQUENCE reo_type_id_type_seq OWNED BY "reo_type"."id_type";

DROP TABLE IF EXISTS reo_type_lang;
CREATE TABLE IF NOT EXISTS reo_type_lang (
id_type integer NOT NULL,
id_lang integer NOT NULL,
name varchar(64) NOT NULL,
PRIMARY KEY (id_type,id_lang)
);
INSERT INTO reo_type_lang (id_type, id_lang, name) VALUES
(1, 1, 'house'),
(1, 2, 'house'),
(1, 3, 'дом'),
(1, 4, 'house'),
(1, 5, 'house'),
(2, 1, 'apartment'),
(2, 2, 'apartment'),
(2, 3, 'квартира'),
(2, 4, 'apartment'),
(2, 5, 'apartment');